effective_date,fund,fund_id,universe,method,allocation_group,target_weight
2021-01-05,Combined Equal Weight,combined_equal_weight,Combined,equal_weight,Comm,0.08333333333333301
2021-01-05,Combined Equal Weight,combined_equal_weight,Combined,equal_weight,Consumer,0.08333333333333301
2021-01-05,Combined Equal Weight,combined_equal_weight,Combined,equal_weight,Crypto,0.16666666666666602
2021-01-05,Combined Equal Weight,combined_equal_weight,Combined,equal_weight,Energy,0.08333333333333301
2021-01-05,Combined Equal Weight,combined_equal_weight,Combined,equal_weight,Financials,0.08333333333333301
2021-01-05,Combined Equal Weight,combined_equal_weight,Combined,equal_weight,Healthcare,0.08333333333333301
2021-01-05,Combined Equal Weight,combined_equal_weight,Combined,equal_weight,Industrials,0.08333333333333301
2021-01-05,Combined Equal Weight,combined_equal_weight,Combined,equal_weight,Materials,0.08333333333333301
2021-01-05,Combined Equal Weight,combined_equal_weight,Combined,equal_weight,RealEstate,0.08333333333333301
2021-01-05,Combined Equal Weight,combined_equal_weight,Combined,equal_weight,Tech,0.08333333333333301
2021-01-05,Combined Equal Weight,combined_equal_weight,Combined,equal_weight,Utilities,0.08333333333333301
2021-02-02,Combined Equal Weight,combined_equal_weight,Combined,equal_weight,Comm,0.08333333333333301
2021-02-02,Combined Equal Weight,combined_equal_weight,Combined,equal_weight,Consumer,0.08333333333333301
2021-02-02,Combined Equal Weight,combined_equal_weight,Combined,equal_weight,Crypto,0.16666666666666602
2021-02-02,Combined Equal Weight,combined_equal_weight,Combined,equal_weight,Energy,0.08333333333333301
2021-02-02,Combined Equal Weight,combined_equal_weight,Combined,equal_weight,Financials,0.08333333333333301
2021-02-02,Combined Equal Weight,combined_equal_weight,Combined,equal_weight,Healthcare,0.08333333333333301
2021-02-02,Combined Equal Weight,combined_equal_weight,Combined,equal_weight,Industrials,0.08333333333333301
2021-02-02,Combined Equal Weight,combined_equal_weight,Combined,equal_weight,Materials,0.08333333333333301
2021-02-02,Combined Equal Weight,combined_equal_weight,Combined,equal_weight,RealEstate,0.08333333333333301
2021-02-02,Combined Equal Weight,combined_equal_weight,Combined,equal_weight,Tech,0.08333333333333301
2021-02-02,Combined Equal Weight,combined_equal_weight,Combined,equal_weight,Utilities,0.08333333333333301
2021-03-02,Combined Equal Weight,combined_equal_weight,Combined,equal_weight,Comm,0.08333333333333301
2021-03-02,Combined Equal Weight,combined_equal_weight,Combined,equal_weight,Consumer,0.08333333333333301
2021-03-02,Combined Equal Weight,combined_equal_weight,Combined,equal_weight,Crypto,0.16666666666666602
2021-03-02,Combined Equal Weight,combined_equal_weight,Combined,equal_weight,Energy,0.08333333333333301
2021-03-02,Combined Equal Weight,combined_equal_weight,Combined,equal_weight,Financials,0.08333333333333301
2021-03-02,Combined Equal Weight,combined_equal_weight,Combined,equal_weight,Healthcare,0.08333333333333301
2021-03-02,Combined Equal Weight,combined_equal_weight,Combined,equal_weight,Industrials,0.08333333333333301
2021-03-02,Combined Equal Weight,combined_equal_weight,Combined,equal_weight,Materials,0.08333333333333301
2021-03-02,Combined Equal Weight,combined_equal_weight,Combined,equal_weight,RealEstate,0.08333333333333301
2021-03-02,Combined Equal Weight,combined_equal_weight,Combined,equal_weight,Tech,0.08333333333333301
2021-03-02,Combined Equal Weight,combined_equal_weight,Combined,equal_weight,Utilities,0.08333333333333301
2021-04-05,Combined Equal Weight,combined_equal_weight,Combined,equal_weight,Comm,0.08333333333333301
2021-04-05,Combined Equal Weight,combined_equal_weight,Combined,equal_weight,Consumer,0.08333333333333301
2021-04-05,Combined Equal Weight,combined_equal_weight,Combined,equal_weight,Crypto,0.16666666666666602
2021-04-05,Combined Equal Weight,combined_equal_weight,Combined,equal_weight,Energy,0.08333333333333301
2021-04-05,Combined Equal Weight,combined_equal_weight,Combined,equal_weight,Financials,0.08333333333333301
2021-04-05,Combined Equal Weight,combined_equal_weight,Combined,equal_weight,Healthcare,0.08333333333333301
2021-04-05,Combined Equal Weight,combined_equal_weight,Combined,equal_weight,Industrials,0.08333333333333301
2021-04-05,Combined Equal Weight,combined_equal_weight,Combined,equal_weight,Materials,0.08333333333333301
2021-04-05,Combined Equal Weight,combined_equal_weight,Combined,equal_weight,RealEstate,0.08333333333333301
2021-04-05,Combined Equal Weight,combined_equal_weight,Combined,equal_weight,Tech,0.08333333333333301
2021-04-05,Combined Equal Weight,combined_equal_weight,Combined,equal_weight,Utilities,0.08333333333333301
2021-05-04,Combined Equal Weight,combined_equal_weight,Combined,equal_weight,Comm,0.08333333333333301
2021-05-04,Combined Equal Weight,combined_equal_weight,Combined,equal_weight,Consumer,0.08333333333333301
2021-05-04,Combined Equal Weight,combined_equal_weight,Combined,equal_weight,Crypto,0.16666666666666602
2021-05-04,Combined Equal Weight,combined_equal_weight,Combined,equal_weight,Energy,0.08333333333333301
2021-05-04,Combined Equal Weight,combined_equal_weight,Combined,equal_weight,Financials,0.08333333333333301
2021-05-04,Combined Equal Weight,combined_equal_weight,Combined,equal_weight,Healthcare,0.08333333333333301
2021-05-04,Combined Equal Weight,combined_equal_weight,Combined,equal_weight,Industrials,0.08333333333333301
2021-05-04,Combined Equal Weight,combined_equal_weight,Combined,equal_weight,Materials,0.08333333333333301
2021-05-04,Combined Equal Weight,combined_equal_weight,Combined,equal_weight,RealEstate,0.08333333333333301
2021-05-04,Combined Equal Weight,combined_equal_weight,Combined,equal_weight,Tech,0.08333333333333301
2021-05-04,Combined Equal Weight,combined_equal_weight,Combined,equal_weight,Utilities,0.08333333333333301
2021-06-02,Combined Equal Weight,combined_equal_weight,Combined,equal_weight,Comm,0.08333333333333301
2021-06-02,Combined Equal Weight,combined_equal_weight,Combined,equal_weight,Consumer,0.08333333333333301
2021-06-02,Combined Equal Weight,combined_equal_weight,Combined,equal_weight,Crypto,0.16666666666666602
2021-06-02,Combined Equal Weight,combined_equal_weight,Combined,equal_weight,Energy,0.08333333333333301
2021-06-02,Combined Equal Weight,combined_equal_weight,Combined,equal_weight,Financials,0.08333333333333301
2021-06-02,Combined Equal Weight,combined_equal_weight,Combined,equal_weight,Healthcare,0.08333333333333301
2021-06-02,Combined Equal Weight,combined_equal_weight,Combined,equal_weight,Industrials,0.08333333333333301
2021-06-02,Combined Equal Weight,combined_equal_weight,Combined,equal_weight,Materials,0.08333333333333301
2021-06-02,Combined Equal Weight,combined_equal_weight,Combined,equal_weight,RealEstate,0.08333333333333301
2021-06-02,Combined Equal Weight,combined_equal_weight,Combined,equal_weight,Tech,0.08333333333333301
2021-06-02,Combined Equal Weight,combined_equal_weight,Combined,equal_weight,Utilities,0.08333333333333301
2021-07-02,Combined Equal Weight,combined_equal_weight,Combined,equal_weight,Comm,0.08333333333333301
2021-07-02,Combined Equal Weight,combined_equal_weight,Combined,equal_weight,Consumer,0.08333333333333301
2021-07-02,Combined Equal Weight,combined_equal_weight,Combined,equal_weight,Crypto,0.16666666666666602
2021-07-02,Combined Equal Weight,combined_equal_weight,Combined,equal_weight,Energy,0.08333333333333301
2021-07-02,Combined Equal Weight,combined_equal_weight,Combined,equal_weight,Financials,0.08333333333333301
2021-07-02,Combined Equal Weight,combined_equal_weight,Combined,equal_weight,Healthcare,0.08333333333333301
2021-07-02,Combined Equal Weight,combined_equal_weight,Combined,equal_weight,Industrials,0.08333333333333301
2021-07-02,Combined Equal Weight,combined_equal_weight,Combined,equal_weight,Materials,0.08333333333333301
2021-07-02,Combined Equal Weight,combined_equal_weight,Combined,equal_weight,RealEstate,0.08333333333333301
2021-07-02,Combined Equal Weight,combined_equal_weight,Combined,equal_weight,Tech,0.08333333333333301
2021-07-02,Combined Equal Weight,combined_equal_weight,Combined,equal_weight,Utilities,0.08333333333333301
2021-08-03,Combined Equal Weight,combined_equal_weight,Combined,equal_weight,Comm,0.08333333333333301
2021-08-03,Combined Equal Weight,combined_equal_weight,Combined,equal_weight,Consumer,0.08333333333333301
2021-08-03,Combined Equal Weight,combined_equal_weight,Combined,equal_weight,Crypto,0.16666666666666602
2021-08-03,Combined Equal Weight,combined_equal_weight,Combined,equal_weight,Energy,0.08333333333333301
2021-08-03,Combined Equal Weight,combined_equal_weight,Combined,equal_weight,Financials,0.08333333333333301
2021-08-03,Combined Equal Weight,combined_equal_weight,Combined,equal_weight,Healthcare,0.08333333333333301
2021-08-03,Combined Equal Weight,combined_equal_weight,Combined,equal_weight,Industrials,0.08333333333333301
2021-08-03,Combined Equal Weight,combined_equal_weight,Combined,equal_weight,Materials,0.08333333333333301
2021-08-03,Combined Equal Weight,combined_equal_weight,Combined,equal_weight,RealEstate,0.08333333333333301
2021-08-03,Combined Equal Weight,combined_equal_weight,Combined,equal_weight,Tech,0.08333333333333301
2021-08-03,Combined Equal Weight,combined_equal_weight,Combined,equal_weight,Utilities,0.08333333333333301
2021-09-02,Combined Equal Weight,combined_equal_weight,Combined,equal_weight,Comm,0.08333333333333301
2021-09-02,Combined Equal Weight,combined_equal_weight,Combined,equal_weight,Consumer,0.08333333333333301
2021-09-02,Combined Equal Weight,combined_equal_weight,Combined,equal_weight,Crypto,0.16666666666666602
2021-09-02,Combined Equal Weight,combined_equal_weight,Combined,equal_weight,Energy,0.08333333333333301
2021-09-02,Combined Equal Weight,combined_equal_weight,Combined,equal_weight,Financials,0.08333333333333301
2021-09-02,Combined Equal Weight,combined_equal_weight,Combined,equal_weight,Healthcare,0.08333333333333301
2021-09-02,Combined Equal Weight,combined_equal_weight,Combined,equal_weight,Industrials,0.08333333333333301
2021-09-02,Combined Equal Weight,combined_equal_weight,Combined,equal_weight,Materials,0.08333333333333301
2021-09-02,Combined Equal Weight,combined_equal_weight,Combined,equal_weight,RealEstate,0.08333333333333301
2021-09-02,Combined Equal Weight,combined_equal_weight,Combined,equal_weight,Tech,0.08333333333333301
2021-09-02,Combined Equal Weight,combined_equal_weight,Combined,equal_weight,Utilities,0.08333333333333301
2021-10-04,Combined Equal Weight,combined_equal_weight,Combined,equal_weight,Comm,0.08333333333333301
2021-10-04,Combined Equal Weight,combined_equal_weight,Combined,equal_weight,Consumer,0.08333333333333301
2021-10-04,Combined Equal Weight,combined_equal_weight,Combined,equal_weight,Crypto,0.16666666666666602
2021-10-04,Combined Equal Weight,combined_equal_weight,Combined,equal_weight,Energy,0.08333333333333301
2021-10-04,Combined Equal Weight,combined_equal_weight,Combined,equal_weight,Financials,0.08333333333333301
2021-10-04,Combined Equal Weight,combined_equal_weight,Combined,equal_weight,Healthcare,0.08333333333333301
2021-10-04,Combined Equal Weight,combined_equal_weight,Combined,equal_weight,Industrials,0.08333333333333301
2021-10-04,Combined Equal Weight,combined_equal_weight,Combined,equal_weight,Materials,0.08333333333333301
2021-10-04,Combined Equal Weight,combined_equal_weight,Combined,equal_weight,RealEstate,0.08333333333333301
2021-10-04,Combined Equal Weight,combined_equal_weight,Combined,equal_weight,Tech,0.08333333333333301
2021-10-04,Combined Equal Weight,combined_equal_weight,Combined,equal_weight,Utilities,0.08333333333333301
2021-11-02,Combined Equal Weight,combined_equal_weight,Combined,equal_weight,Comm,0.08333333333333301
2021-11-02,Combined Equal Weight,combined_equal_weight,Combined,equal_weight,Consumer,0.08333333333333301
2021-11-02,Combined Equal Weight,combined_equal_weight,Combined,equal_weight,Crypto,0.16666666666666602
2021-11-02,Combined Equal Weight,combined_equal_weight,Combined,equal_weight,Energy,0.08333333333333301
2021-11-02,Combined Equal Weight,combined_equal_weight,Combined,equal_weight,Financials,0.08333333333333301
2021-11-02,Combined Equal Weight,combined_equal_weight,Combined,equal_weight,Healthcare,0.08333333333333301
2021-11-02,Combined Equal Weight,combined_equal_weight,Combined,equal_weight,Industrials,0.08333333333333301
2021-11-02,Combined Equal Weight,combined_equal_weight,Combined,equal_weight,Materials,0.08333333333333301
2021-11-02,Combined Equal Weight,combined_equal_weight,Combined,equal_weight,RealEstate,0.08333333333333301
2021-11-02,Combined Equal Weight,combined_equal_weight,Combined,equal_weight,Tech,0.08333333333333301
2021-11-02,Combined Equal Weight,combined_equal_weight,Combined,equal_weight,Utilities,0.08333333333333301
2021-12-02,Combined Equal Weight,combined_equal_weight,Combined,equal_weight,Comm,0.08333333333333301
2021-12-02,Combined Equal Weight,combined_equal_weight,Combined,equal_weight,Consumer,0.08333333333333301
2021-12-02,Combined Equal Weight,combined_equal_weight,Combined,equal_weight,Crypto,0.16666666666666602
2021-12-02,Combined Equal Weight,combined_equal_weight,Combined,equal_weight,Energy,0.08333333333333301
2021-12-02,Combined Equal Weight,combined_equal_weight,Combined,equal_weight,Financials,0.08333333333333301
2021-12-02,Combined Equal Weight,combined_equal_weight,Combined,equal_weight,Healthcare,0.08333333333333301
2021-12-02,Combined Equal Weight,combined_equal_weight,Combined,equal_weight,Industrials,0.08333333333333301
2021-12-02,Combined Equal Weight,combined_equal_weight,Combined,equal_weight,Materials,0.08333333333333301
2021-12-02,Combined Equal Weight,combined_equal_weight,Combined,equal_weight,RealEstate,0.08333333333333301
2021-12-02,Combined Equal Weight,combined_equal_weight,Combined,equal_weight,Tech,0.08333333333333301
2021-12-02,Combined Equal Weight,combined_equal_weight,Combined,equal_weight,Utilities,0.08333333333333301
2022-01-04,Combined Equal Weight,combined_equal_weight,Combined,equal_weight,Comm,0.08333333333333301
2022-01-04,Combined Equal Weight,combined_equal_weight,Combined,equal_weight,Consumer,0.08333333333333301
2022-01-04,Combined Equal Weight,combined_equal_weight,Combined,equal_weight,Crypto,0.16666666666666602
2022-01-04,Combined Equal Weight,combined_equal_weight,Combined,equal_weight,Energy,0.08333333333333301
2022-01-04,Combined Equal Weight,combined_equal_weight,Combined,equal_weight,Financials,0.08333333333333301
2022-01-04,Combined Equal Weight,combined_equal_weight,Combined,equal_weight,Healthcare,0.08333333333333301
2022-01-04,Combined Equal Weight,combined_equal_weight,Combined,equal_weight,Industrials,0.08333333333333301
2022-01-04,Combined Equal Weight,combined_equal_weight,Combined,equal_weight,Materials,0.08333333333333301
2022-01-04,Combined Equal Weight,combined_equal_weight,Combined,equal_weight,RealEstate,0.08333333333333301
2022-01-04,Combined Equal Weight,combined_equal_weight,Combined,equal_weight,Tech,0.08333333333333301
2022-01-04,Combined Equal Weight,combined_equal_weight,Combined,equal_weight,Utilities,0.08333333333333301
2022-02-02,Combined Equal Weight,combined_equal_weight,Combined,equal_weight,Comm,0.08333333333333301
2022-02-02,Combined Equal Weight,combined_equal_weight,Combined,equal_weight,Consumer,0.08333333333333301
2022-02-02,Combined Equal Weight,combined_equal_weight,Combined,equal_weight,Crypto,0.16666666666666602
2022-02-02,Combined Equal Weight,combined_equal_weight,Combined,equal_weight,Energy,0.08333333333333301
2022-02-02,Combined Equal Weight,combined_equal_weight,Combined,equal_weight,Financials,0.08333333333333301
2022-02-02,Combined Equal Weight,combined_equal_weight,Combined,equal_weight,Healthcare,0.08333333333333301
2022-02-02,Combined Equal Weight,combined_equal_weight,Combined,equal_weight,Industrials,0.08333333333333301
2022-02-02,Combined Equal Weight,combined_equal_weight,Combined,equal_weight,Materials,0.08333333333333301
2022-02-02,Combined Equal Weight,combined_equal_weight,Combined,equal_weight,RealEstate,0.08333333333333301
2022-02-02,Combined Equal Weight,combined_equal_weight,Combined,equal_weight,Tech,0.08333333333333301
2022-02-02,Combined Equal Weight,combined_equal_weight,Combined,equal_weight,Utilities,0.08333333333333301
2022-03-02,Combined Equal Weight,combined_equal_weight,Combined,equal_weight,Comm,0.08333333333333301
2022-03-02,Combined Equal Weight,combined_equal_weight,Combined,equal_weight,Consumer,0.08333333333333301
2022-03-02,Combined Equal Weight,combined_equal_weight,Combined,equal_weight,Crypto,0.16666666666666602
2022-03-02,Combined Equal Weight,combined_equal_weight,Combined,equal_weight,Energy,0.08333333333333301
2022-03-02,Combined Equal Weight,combined_equal_weight,Combined,equal_weight,Financials,0.08333333333333301
2022-03-02,Combined Equal Weight,combined_equal_weight,Combined,equal_weight,Healthcare,0.08333333333333301
2022-03-02,Combined Equal Weight,combined_equal_weight,Combined,equal_weight,Industrials,0.08333333333333301
2022-03-02,Combined Equal Weight,combined_equal_weight,Combined,equal_weight,Materials,0.08333333333333301
2022-03-02,Combined Equal Weight,combined_equal_weight,Combined,equal_weight,RealEstate,0.08333333333333301
2022-03-02,Combined Equal Weight,combined_equal_weight,Combined,equal_weight,Tech,0.08333333333333301
2022-03-02,Combined Equal Weight,combined_equal_weight,Combined,equal_weight,Utilities,0.08333333333333301
2022-04-04,Combined Equal Weight,combined_equal_weight,Combined,equal_weight,Comm,0.08333333333333301
2022-04-04,Combined Equal Weight,combined_equal_weight,Combined,equal_weight,Consumer,0.08333333333333301
2022-04-04,Combined Equal Weight,combined_equal_weight,Combined,equal_weight,Crypto,0.16666666666666602
2022-04-04,Combined Equal Weight,combined_equal_weight,Combined,equal_weight,Energy,0.08333333333333301
2022-04-04,Combined Equal Weight,combined_equal_weight,Combined,equal_weight,Financials,0.08333333333333301
2022-04-04,Combined Equal Weight,combined_equal_weight,Combined,equal_weight,Healthcare,0.08333333333333301
2022-04-04,Combined Equal Weight,combined_equal_weight,Combined,equal_weight,Industrials,0.08333333333333301
2022-04-04,Combined Equal Weight,combined_equal_weight,Combined,equal_weight,Materials,0.08333333333333301
2022-04-04,Combined Equal Weight,combined_equal_weight,Combined,equal_weight,RealEstate,0.08333333333333301
2022-04-04,Combined Equal Weight,combined_equal_weight,Combined,equal_weight,Tech,0.08333333333333301
2022-04-04,Combined Equal Weight,combined_equal_weight,Combined,equal_weight,Utilities,0.08333333333333301
2022-05-03,Combined Equal Weight,combined_equal_weight,Combined,equal_weight,Comm,0.08333333333333301
2022-05-03,Combined Equal Weight,combined_equal_weight,Combined,equal_weight,Consumer,0.08333333333333301
2022-05-03,Combined Equal Weight,combined_equal_weight,Combined,equal_weight,Crypto,0.16666666666666602
2022-05-03,Combined Equal Weight,combined_equal_weight,Combined,equal_weight,Energy,0.08333333333333301
2022-05-03,Combined Equal Weight,combined_equal_weight,Combined,equal_weight,Financials,0.08333333333333301
2022-05-03,Combined Equal Weight,combined_equal_weight,Combined,equal_weight,Healthcare,0.08333333333333301
2022-05-03,Combined Equal Weight,combined_equal_weight,Combined,equal_weight,Industrials,0.08333333333333301
2022-05-03,Combined Equal Weight,combined_equal_weight,Combined,equal_weight,Materials,0.08333333333333301
2022-05-03,Combined Equal Weight,combined_equal_weight,Combined,equal_weight,RealEstate,0.08333333333333301
2022-05-03,Combined Equal Weight,combined_equal_weight,Combined,equal_weight,Tech,0.08333333333333301
2022-05-03,Combined Equal Weight,combined_equal_weight,Combined,equal_weight,Utilities,0.08333333333333301
2022-06-02,Combined Equal Weight,combined_equal_weight,Combined,equal_weight,Comm,0.08333333333333301
2022-06-02,Combined Equal Weight,combined_equal_weight,Combined,equal_weight,Consumer,0.08333333333333301
2022-06-02,Combined Equal Weight,combined_equal_weight,Combined,equal_weight,Crypto,0.16666666666666602
2022-06-02,Combined Equal Weight,combined_equal_weight,Combined,equal_weight,Energy,0.08333333333333301
2022-06-02,Combined Equal Weight,combined_equal_weight,Combined,equal_weight,Financials,0.08333333333333301
2022-06-02,Combined Equal Weight,combined_equal_weight,Combined,equal_weight,Healthcare,0.08333333333333301
2022-06-02,Combined Equal Weight,combined_equal_weight,Combined,equal_weight,Industrials,0.08333333333333301
2022-06-02,Combined Equal Weight,combined_equal_weight,Combined,equal_weight,Materials,0.08333333333333301
2022-06-02,Combined Equal Weight,combined_equal_weight,Combined,equal_weight,RealEstate,0.08333333333333301
2022-06-02,Combined Equal Weight,combined_equal_weight,Combined,equal_weight,Tech,0.08333333333333301
2022-06-02,Combined Equal Weight,combined_equal_weight,Combined,equal_weight,Utilities,0.08333333333333301
2022-07-05,Combined Equal Weight,combined_equal_weight,Combined,equal_weight,Comm,0.08333333333333301
2022-07-05,Combined Equal Weight,combined_equal_weight,Combined,equal_weight,Consumer,0.08333333333333301
2022-07-05,Combined Equal Weight,combined_equal_weight,Combined,equal_weight,Crypto,0.16666666666666602
2022-07-05,Combined Equal Weight,combined_equal_weight,Combined,equal_weight,Energy,0.08333333333333301
2022-07-05,Combined Equal Weight,combined_equal_weight,Combined,equal_weight,Financials,0.08333333333333301
2022-07-05,Combined Equal Weight,combined_equal_weight,Combined,equal_weight,Healthcare,0.08333333333333301
2022-07-05,Combined Equal Weight,combined_equal_weight,Combined,equal_weight,Industrials,0.08333333333333301
2022-07-05,Combined Equal Weight,combined_equal_weight,Combined,equal_weight,Materials,0.08333333333333301
2022-07-05,Combined Equal Weight,combined_equal_weight,Combined,equal_weight,RealEstate,0.08333333333333301
2022-07-05,Combined Equal Weight,combined_equal_weight,Combined,equal_weight,Tech,0.08333333333333301
2022-07-05,Combined Equal Weight,combined_equal_weight,Combined,equal_weight,Utilities,0.08333333333333301
2022-08-02,Combined Equal Weight,combined_equal_weight,Combined,equal_weight,Comm,0.08333333333333301
2022-08-02,Combined Equal Weight,combined_equal_weight,Combined,equal_weight,Consumer,0.08333333333333301
2022-08-02,Combined Equal Weight,combined_equal_weight,Combined,equal_weight,Crypto,0.16666666666666602
2022-08-02,Combined Equal Weight,combined_equal_weight,Combined,equal_weight,Energy,0.08333333333333301
2022-08-02,Combined Equal Weight,combined_equal_weight,Combined,equal_weight,Financials,0.08333333333333301
2022-08-02,Combined Equal Weight,combined_equal_weight,Combined,equal_weight,Healthcare,0.08333333333333301
2022-08-02,Combined Equal Weight,combined_equal_weight,Combined,equal_weight,Industrials,0.08333333333333301
2022-08-02,Combined Equal Weight,combined_equal_weight,Combined,equal_weight,Materials,0.08333333333333301
2022-08-02,Combined Equal Weight,combined_equal_weight,Combined,equal_weight,RealEstate,0.08333333333333301
2022-08-02,Combined Equal Weight,combined_equal_weight,Combined,equal_weight,Tech,0.08333333333333301
2022-08-02,Combined Equal Weight,combined_equal_weight,Combined,equal_weight,Utilities,0.08333333333333301
2022-09-02,Combined Equal Weight,combined_equal_weight,Combined,equal_weight,Comm,0.08333333333333301
2022-09-02,Combined Equal Weight,combined_equal_weight,Combined,equal_weight,Consumer,0.08333333333333301
2022-09-02,Combined Equal Weight,combined_equal_weight,Combined,equal_weight,Crypto,0.16666666666666602
2022-09-02,Combined Equal Weight,combined_equal_weight,Combined,equal_weight,Energy,0.08333333333333301
2022-09-02,Combined Equal Weight,combined_equal_weight,Combined,equal_weight,Financials,0.08333333333333301
2022-09-02,Combined Equal Weight,combined_equal_weight,Combined,equal_weight,Healthcare,0.08333333333333301
2022-09-02,Combined Equal Weight,combined_equal_weight,Combined,equal_weight,Industrials,0.08333333333333301
2022-09-02,Combined Equal Weight,combined_equal_weight,Combined,equal_weight,Materials,0.08333333333333301
2022-09-02,Combined Equal Weight,combined_equal_weight,Combined,equal_weight,RealEstate,0.08333333333333301
2022-09-02,Combined Equal Weight,combined_equal_weight,Combined,equal_weight,Tech,0.08333333333333301
2022-09-02,Combined Equal Weight,combined_equal_weight,Combined,equal_weight,Utilities,0.08333333333333301
2022-10-04,Combined Equal Weight,combined_equal_weight,Combined,equal_weight,Comm,0.08333333333333301
2022-10-04,Combined Equal Weight,combined_equal_weight,Combined,equal_weight,Consumer,0.08333333333333301
2022-10-04,Combined Equal Weight,combined_equal_weight,Combined,equal_weight,Crypto,0.16666666666666602
2022-10-04,Combined Equal Weight,combined_equal_weight,Combined,equal_weight,Energy,0.08333333333333301
2022-10-04,Combined Equal Weight,combined_equal_weight,Combined,equal_weight,Financials,0.08333333333333301
2022-10-04,Combined Equal Weight,combined_equal_weight,Combined,equal_weight,Healthcare,0.08333333333333301
2022-10-04,Combined Equal Weight,combined_equal_weight,Combined,equal_weight,Industrials,0.08333333333333301
2022-10-04,Combined Equal Weight,combined_equal_weight,Combined,equal_weight,Materials,0.08333333333333301
2022-10-04,Combined Equal Weight,combined_equal_weight,Combined,equal_weight,RealEstate,0.08333333333333301
2022-10-04,Combined Equal Weight,combined_equal_weight,Combined,equal_weight,Tech,0.08333333333333301
2022-10-04,Combined Equal Weight,combined_equal_weight,Combined,equal_weight,Utilities,0.08333333333333301
2022-11-02,Combined Equal Weight,combined_equal_weight,Combined,equal_weight,Comm,0.08333333333333301
2022-11-02,Combined Equal Weight,combined_equal_weight,Combined,equal_weight,Consumer,0.08333333333333301
2022-11-02,Combined Equal Weight,combined_equal_weight,Combined,equal_weight,Crypto,0.16666666666666602
2022-11-02,Combined Equal Weight,combined_equal_weight,Combined,equal_weight,Energy,0.08333333333333301
2022-11-02,Combined Equal Weight,combined_equal_weight,Combined,equal_weight,Financials,0.08333333333333301
2022-11-02,Combined Equal Weight,combined_equal_weight,Combined,equal_weight,Healthcare,0.08333333333333301
2022-11-02,Combined Equal Weight,combined_equal_weight,Combined,equal_weight,Industrials,0.08333333333333301
2022-11-02,Combined Equal Weight,combined_equal_weight,Combined,equal_weight,Materials,0.08333333333333301
2022-11-02,Combined Equal Weight,combined_equal_weight,Combined,equal_weight,RealEstate,0.08333333333333301
2022-11-02,Combined Equal Weight,combined_equal_weight,Combined,equal_weight,Tech,0.08333333333333301
2022-11-02,Combined Equal Weight,combined_equal_weight,Combined,equal_weight,Utilities,0.08333333333333301
2022-12-02,Combined Equal Weight,combined_equal_weight,Combined,equal_weight,Comm,0.08333333333333301
2022-12-02,Combined Equal Weight,combined_equal_weight,Combined,equal_weight,Consumer,0.08333333333333301
2022-12-02,Combined Equal Weight,combined_equal_weight,Combined,equal_weight,Crypto,0.16666666666666602
2022-12-02,Combined Equal Weight,combined_equal_weight,Combined,equal_weight,Energy,0.08333333333333301
2022-12-02,Combined Equal Weight,combined_equal_weight,Combined,equal_weight,Financials,0.08333333333333301
2022-12-02,Combined Equal Weight,combined_equal_weight,Combined,equal_weight,Healthcare,0.08333333333333301
2022-12-02,Combined Equal Weight,combined_equal_weight,Combined,equal_weight,Industrials,0.08333333333333301
2022-12-02,Combined Equal Weight,combined_equal_weight,Combined,equal_weight,Materials,0.08333333333333301
2022-12-02,Combined Equal Weight,combined_equal_weight,Combined,equal_weight,RealEstate,0.08333333333333301
2022-12-02,Combined Equal Weight,combined_equal_weight,Combined,equal_weight,Tech,0.08333333333333301
2022-12-02,Combined Equal Weight,combined_equal_weight,Combined,equal_weight,Utilities,0.08333333333333301
2023-01-04,Combined Equal Weight,combined_equal_weight,Combined,equal_weight,Comm,0.08333333333333301
2023-01-04,Combined Equal Weight,combined_equal_weight,Combined,equal_weight,Consumer,0.08333333333333301
2023-01-04,Combined Equal Weight,combined_equal_weight,Combined,equal_weight,Crypto,0.16666666666666602
2023-01-04,Combined Equal Weight,combined_equal_weight,Combined,equal_weight,Energy,0.08333333333333301
2023-01-04,Combined Equal Weight,combined_equal_weight,Combined,equal_weight,Financials,0.08333333333333301
2023-01-04,Combined Equal Weight,combined_equal_weight,Combined,equal_weight,Healthcare,0.08333333333333301
2023-01-04,Combined Equal Weight,combined_equal_weight,Combined,equal_weight,Industrials,0.08333333333333301
2023-01-04,Combined Equal Weight,combined_equal_weight,Combined,equal_weight,Materials,0.08333333333333301
2023-01-04,Combined Equal Weight,combined_equal_weight,Combined,equal_weight,RealEstate,0.08333333333333301
2023-01-04,Combined Equal Weight,combined_equal_weight,Combined,equal_weight,Tech,0.08333333333333301
2023-01-04,Combined Equal Weight,combined_equal_weight,Combined,equal_weight,Utilities,0.08333333333333301
2023-02-02,Combined Equal Weight,combined_equal_weight,Combined,equal_weight,Comm,0.08333333333333301
2023-02-02,Combined Equal Weight,combined_equal_weight,Combined,equal_weight,Consumer,0.08333333333333301
2023-02-02,Combined Equal Weight,combined_equal_weight,Combined,equal_weight,Crypto,0.16666666666666602
2023-02-02,Combined Equal Weight,combined_equal_weight,Combined,equal_weight,Energy,0.08333333333333301
2023-02-02,Combined Equal Weight,combined_equal_weight,Combined,equal_weight,Financials,0.08333333333333301
2023-02-02,Combined Equal Weight,combined_equal_weight,Combined,equal_weight,Healthcare,0.08333333333333301
2023-02-02,Combined Equal Weight,combined_equal_weight,Combined,equal_weight,Industrials,0.08333333333333301
2023-02-02,Combined Equal Weight,combined_equal_weight,Combined,equal_weight,Materials,0.08333333333333301
2023-02-02,Combined Equal Weight,combined_equal_weight,Combined,equal_weight,RealEstate,0.08333333333333301
2023-02-02,Combined Equal Weight,combined_equal_weight,Combined,equal_weight,Tech,0.08333333333333301
2023-02-02,Combined Equal Weight,combined_equal_weight,Combined,equal_weight,Utilities,0.08333333333333301
2023-03-02,Combined Equal Weight,combined_equal_weight,Combined,equal_weight,Comm,0.08333333333333301
2023-03-02,Combined Equal Weight,combined_equal_weight,Combined,equal_weight,Consumer,0.08333333333333301
2023-03-02,Combined Equal Weight,combined_equal_weight,Combined,equal_weight,Crypto,0.16666666666666602
2023-03-02,Combined Equal Weight,combined_equal_weight,Combined,equal_weight,Energy,0.08333333333333301
2023-03-02,Combined Equal Weight,combined_equal_weight,Combined,equal_weight,Financials,0.08333333333333301
2023-03-02,Combined Equal Weight,combined_equal_weight,Combined,equal_weight,Healthcare,0.08333333333333301
2023-03-02,Combined Equal Weight,combined_equal_weight,Combined,equal_weight,Industrials,0.08333333333333301
2023-03-02,Combined Equal Weight,combined_equal_weight,Combined,equal_weight,Materials,0.08333333333333301
2023-03-02,Combined Equal Weight,combined_equal_weight,Combined,equal_weight,RealEstate,0.08333333333333301
2023-03-02,Combined Equal Weight,combined_equal_weight,Combined,equal_weight,Tech,0.08333333333333301
2023-03-02,Combined Equal Weight,combined_equal_weight,Combined,equal_weight,Utilities,0.08333333333333301
2023-04-04,Combined Equal Weight,combined_equal_weight,Combined,equal_weight,Comm,0.08333333333333301
2023-04-04,Combined Equal Weight,combined_equal_weight,Combined,equal_weight,Consumer,0.08333333333333301
2023-04-04,Combined Equal Weight,combined_equal_weight,Combined,equal_weight,Crypto,0.16666666666666602
2023-04-04,Combined Equal Weight,combined_equal_weight,Combined,equal_weight,Energy,0.08333333333333301
2023-04-04,Combined Equal Weight,combined_equal_weight,Combined,equal_weight,Financials,0.08333333333333301
2023-04-04,Combined Equal Weight,combined_equal_weight,Combined,equal_weight,Healthcare,0.08333333333333301
2023-04-04,Combined Equal Weight,combined_equal_weight,Combined,equal_weight,Industrials,0.08333333333333301
2023-04-04,Combined Equal Weight,combined_equal_weight,Combined,equal_weight,Materials,0.08333333333333301
2023-04-04,Combined Equal Weight,combined_equal_weight,Combined,equal_weight,RealEstate,0.08333333333333301
2023-04-04,Combined Equal Weight,combined_equal_weight,Combined,equal_weight,Tech,0.08333333333333301
2023-04-04,Combined Equal Weight,combined_equal_weight,Combined,equal_weight,Utilities,0.08333333333333301
2023-05-02,Combined Equal Weight,combined_equal_weight,Combined,equal_weight,Comm,0.08333333333333301
2023-05-02,Combined Equal Weight,combined_equal_weight,Combined,equal_weight,Consumer,0.08333333333333301
2023-05-02,Combined Equal Weight,combined_equal_weight,Combined,equal_weight,Crypto,0.16666666666666602
2023-05-02,Combined Equal Weight,combined_equal_weight,Combined,equal_weight,Energy,0.08333333333333301
2023-05-02,Combined Equal Weight,combined_equal_weight,Combined,equal_weight,Financials,0.08333333333333301
2023-05-02,Combined Equal Weight,combined_equal_weight,Combined,equal_weight,Healthcare,0.08333333333333301
2023-05-02,Combined Equal Weight,combined_equal_weight,Combined,equal_weight,Industrials,0.08333333333333301
2023-05-02,Combined Equal Weight,combined_equal_weight,Combined,equal_weight,Materials,0.08333333333333301
2023-05-02,Combined Equal Weight,combined_equal_weight,Combined,equal_weight,RealEstate,0.08333333333333301
2023-05-02,Combined Equal Weight,combined_equal_weight,Combined,equal_weight,Tech,0.08333333333333301
2023-05-02,Combined Equal Weight,combined_equal_weight,Combined,equal_weight,Utilities,0.08333333333333301
2023-06-02,Combined Equal Weight,combined_equal_weight,Combined,equal_weight,Comm,0.08333333333333301
2023-06-02,Combined Equal Weight,combined_equal_weight,Combined,equal_weight,Consumer,0.08333333333333301
2023-06-02,Combined Equal Weight,combined_equal_weight,Combined,equal_weight,Crypto,0.16666666666666602
2023-06-02,Combined Equal Weight,combined_equal_weight,Combined,equal_weight,Energy,0.08333333333333301
2023-06-02,Combined Equal Weight,combined_equal_weight,Combined,equal_weight,Financials,0.08333333333333301
2023-06-02,Combined Equal Weight,combined_equal_weight,Combined,equal_weight,Healthcare,0.08333333333333301
2023-06-02,Combined Equal Weight,combined_equal_weight,Combined,equal_weight,Industrials,0.08333333333333301
2023-06-02,Combined Equal Weight,combined_equal_weight,Combined,equal_weight,Materials,0.08333333333333301
2023-06-02,Combined Equal Weight,combined_equal_weight,Combined,equal_weight,RealEstate,0.08333333333333301
2023-06-02,Combined Equal Weight,combined_equal_weight,Combined,equal_weight,Tech,0.08333333333333301
2023-06-02,Combined Equal Weight,combined_equal_weight,Combined,equal_weight,Utilities,0.08333333333333301
2023-07-05,Combined Equal Weight,combined_equal_weight,Combined,equal_weight,Comm,0.08333333333333301
2023-07-05,Combined Equal Weight,combined_equal_weight,Combined,equal_weight,Consumer,0.08333333333333301
2023-07-05,Combined Equal Weight,combined_equal_weight,Combined,equal_weight,Crypto,0.16666666666666602
2023-07-05,Combined Equal Weight,combined_equal_weight,Combined,equal_weight,Energy,0.08333333333333301
2023-07-05,Combined Equal Weight,combined_equal_weight,Combined,equal_weight,Financials,0.08333333333333301
2023-07-05,Combined Equal Weight,combined_equal_weight,Combined,equal_weight,Healthcare,0.08333333333333301
2023-07-05,Combined Equal Weight,combined_equal_weight,Combined,equal_weight,Industrials,0.08333333333333301
2023-07-05,Combined Equal Weight,combined_equal_weight,Combined,equal_weight,Materials,0.08333333333333301
2023-07-05,Combined Equal Weight,combined_equal_weight,Combined,equal_weight,RealEstate,0.08333333333333301
2023-07-05,Combined Equal Weight,combined_equal_weight,Combined,equal_weight,Tech,0.08333333333333301
2023-07-05,Combined Equal Weight,combined_equal_weight,Combined,equal_weight,Utilities,0.08333333333333301
2023-08-02,Combined Equal Weight,combined_equal_weight,Combined,equal_weight,Comm,0.08333333333333301
2023-08-02,Combined Equal Weight,combined_equal_weight,Combined,equal_weight,Consumer,0.08333333333333301
2023-08-02,Combined Equal Weight,combined_equal_weight,Combined,equal_weight,Crypto,0.16666666666666602
2023-08-02,Combined Equal Weight,combined_equal_weight,Combined,equal_weight,Energy,0.08333333333333301
2023-08-02,Combined Equal Weight,combined_equal_weight,Combined,equal_weight,Financials,0.08333333333333301
2023-08-02,Combined Equal Weight,combined_equal_weight,Combined,equal_weight,Healthcare,0.08333333333333301
2023-08-02,Combined Equal Weight,combined_equal_weight,Combined,equal_weight,Industrials,0.08333333333333301
2023-08-02,Combined Equal Weight,combined_equal_weight,Combined,equal_weight,Materials,0.08333333333333301
2023-08-02,Combined Equal Weight,combined_equal_weight,Combined,equal_weight,RealEstate,0.08333333333333301
2023-08-02,Combined Equal Weight,combined_equal_weight,Combined,equal_weight,Tech,0.08333333333333301
2023-08-02,Combined Equal Weight,combined_equal_weight,Combined,equal_weight,Utilities,0.08333333333333301
2023-09-05,Combined Equal Weight,combined_equal_weight,Combined,equal_weight,Comm,0.08333333333333301
2023-09-05,Combined Equal Weight,combined_equal_weight,Combined,equal_weight,Consumer,0.08333333333333301
2023-09-05,Combined Equal Weight,combined_equal_weight,Combined,equal_weight,Crypto,0.16666666666666602
2023-09-05,Combined Equal Weight,combined_equal_weight,Combined,equal_weight,Energy,0.08333333333333301
2023-09-05,Combined Equal Weight,combined_equal_weight,Combined,equal_weight,Financials,0.08333333333333301
2023-09-05,Combined Equal Weight,combined_equal_weight,Combined,equal_weight,Healthcare,0.08333333333333301
2023-09-05,Combined Equal Weight,combined_equal_weight,Combined,equal_weight,Industrials,0.08333333333333301
2023-09-05,Combined Equal Weight,combined_equal_weight,Combined,equal_weight,Materials,0.08333333333333301
2023-09-05,Combined Equal Weight,combined_equal_weight,Combined,equal_weight,RealEstate,0.08333333333333301
2023-09-05,Combined Equal Weight,combined_equal_weight,Combined,equal_weight,Tech,0.08333333333333301
2023-09-05,Combined Equal Weight,combined_equal_weight,Combined,equal_weight,Utilities,0.08333333333333301
2023-10-03,Combined Equal Weight,combined_equal_weight,Combined,equal_weight,Comm,0.08333333333333301
2023-10-03,Combined Equal Weight,combined_equal_weight,Combined,equal_weight,Consumer,0.08333333333333301
2023-10-03,Combined Equal Weight,combined_equal_weight,Combined,equal_weight,Crypto,0.16666666666666602
2023-10-03,Combined Equal Weight,combined_equal_weight,Combined,equal_weight,Energy,0.08333333333333301
2023-10-03,Combined Equal Weight,combined_equal_weight,Combined,equal_weight,Financials,0.08333333333333301
2023-10-03,Combined Equal Weight,combined_equal_weight,Combined,equal_weight,Healthcare,0.08333333333333301
2023-10-03,Combined Equal Weight,combined_equal_weight,Combined,equal_weight,Industrials,0.08333333333333301
2023-10-03,Combined Equal Weight,combined_equal_weight,Combined,equal_weight,Materials,0.08333333333333301
2023-10-03,Combined Equal Weight,combined_equal_weight,Combined,equal_weight,RealEstate,0.08333333333333301
2023-10-03,Combined Equal Weight,combined_equal_weight,Combined,equal_weight,Tech,0.08333333333333301
2023-10-03,Combined Equal Weight,combined_equal_weight,Combined,equal_weight,Utilities,0.08333333333333301
2023-11-02,Combined Equal Weight,combined_equal_weight,Combined,equal_weight,Comm,0.08333333333333301
2023-11-02,Combined Equal Weight,combined_equal_weight,Combined,equal_weight,Consumer,0.08333333333333301
2023-11-02,Combined Equal Weight,combined_equal_weight,Combined,equal_weight,Crypto,0.16666666666666602
2023-11-02,Combined Equal Weight,combined_equal_weight,Combined,equal_weight,Energy,0.08333333333333301
2023-11-02,Combined Equal Weight,combined_equal_weight,Combined,equal_weight,Financials,0.08333333333333301
2023-11-02,Combined Equal Weight,combined_equal_weight,Combined,equal_weight,Healthcare,0.08333333333333301
2023-11-02,Combined Equal Weight,combined_equal_weight,Combined,equal_weight,Industrials,0.08333333333333301
2023-11-02,Combined Equal Weight,combined_equal_weight,Combined,equal_weight,Materials,0.08333333333333301
2023-11-02,Combined Equal Weight,combined_equal_weight,Combined,equal_weight,RealEstate,0.08333333333333301
2023-11-02,Combined Equal Weight,combined_equal_weight,Combined,equal_weight,Tech,0.08333333333333301
2023-11-02,Combined Equal Weight,combined_equal_weight,Combined,equal_weight,Utilities,0.08333333333333301
2023-12-04,Combined Equal Weight,combined_equal_weight,Combined,equal_weight,Comm,0.08333333333333301
2023-12-04,Combined Equal Weight,combined_equal_weight,Combined,equal_weight,Consumer,0.08333333333333301
2023-12-04,Combined Equal Weight,combined_equal_weight,Combined,equal_weight,Crypto,0.16666666666666602
2023-12-04,Combined Equal Weight,combined_equal_weight,Combined,equal_weight,Energy,0.08333333333333301
2023-12-04,Combined Equal Weight,combined_equal_weight,Combined,equal_weight,Financials,0.08333333333333301
2023-12-04,Combined Equal Weight,combined_equal_weight,Combined,equal_weight,Healthcare,0.08333333333333301
2023-12-04,Combined Equal Weight,combined_equal_weight,Combined,equal_weight,Industrials,0.08333333333333301
2023-12-04,Combined Equal Weight,combined_equal_weight,Combined,equal_weight,Materials,0.08333333333333301
2023-12-04,Combined Equal Weight,combined_equal_weight,Combined,equal_weight,RealEstate,0.08333333333333301
2023-12-04,Combined Equal Weight,combined_equal_weight,Combined,equal_weight,Tech,0.08333333333333301
2023-12-04,Combined Equal Weight,combined_equal_weight,Combined,equal_weight,Utilities,0.08333333333333301
2021-01-05,Combined Maximum Sharpe,combined_max_sharpe,Combined,max_sharpe,Comm,0.19999999999999957
2021-01-05,Combined Maximum Sharpe,combined_max_sharpe,Combined,max_sharpe,Consumer,0.03258732529546234
2021-01-05,Combined Maximum Sharpe,combined_max_sharpe,Combined,max_sharpe,Crypto,0.3746051056754955
2021-01-05,Combined Maximum Sharpe,combined_max_sharpe,Combined,max_sharpe,Energy,1.0518065390331533e-16
2021-01-05,Combined Maximum Sharpe,combined_max_sharpe,Combined,max_sharpe,Financials,4.475171205983385e-17
2021-01-05,Combined Maximum Sharpe,combined_max_sharpe,Combined,max_sharpe,Healthcare,0.06193136619343537
2021-01-05,Combined Maximum Sharpe,combined_max_sharpe,Combined,max_sharpe,Industrials,0.0999999999999999
2021-01-05,Combined Maximum Sharpe,combined_max_sharpe,Combined,max_sharpe,Materials,0.09999999999999988
2021-01-05,Combined Maximum Sharpe,combined_max_sharpe,Combined,max_sharpe,RealEstate,4.519900590364825e-17
2021-01-05,Combined Maximum Sharpe,combined_max_sharpe,Combined,max_sharpe,Tech,0.1308762028356062
2021-01-05,Combined Maximum Sharpe,combined_max_sharpe,Combined,max_sharpe,Utilities,9.078614756893117e-17
2021-02-02,Combined Maximum Sharpe,combined_max_sharpe,Combined,max_sharpe,Comm,0.12110947458017988
2021-02-02,Combined Maximum Sharpe,combined_max_sharpe,Combined,max_sharpe,Consumer,2.4479453408780853e-16
2021-02-02,Combined Maximum Sharpe,combined_max_sharpe,Combined,max_sharpe,Crypto,0.3
2021-02-02,Combined Maximum Sharpe,combined_max_sharpe,Combined,max_sharpe,Energy,1.8507325665917646e-16
2021-02-02,Combined Maximum Sharpe,combined_max_sharpe,Combined,max_sharpe,Financials,7.164972202871305e-17
2021-02-02,Combined Maximum Sharpe,combined_max_sharpe,Combined,max_sharpe,Healthcare,0.19999999999999857
2021-02-02,Combined Maximum Sharpe,combined_max_sharpe,Combined,max_sharpe,Industrials,0.09999999999999963
2021-02-02,Combined Maximum Sharpe,combined_max_sharpe,Combined,max_sharpe,Materials,0.10738878992543269
2021-02-02,Combined Maximum Sharpe,combined_max_sharpe,Combined,max_sharpe,RealEstate,7.083792923161071e-18
2021-02-02,Combined Maximum Sharpe,combined_max_sharpe,Combined,max_sharpe,Tech,0.17150173549438819
2021-02-02,Combined Maximum Sharpe,combined_max_sharpe,Combined,max_sharpe,Utilities,1.5885136129926893e-16
2021-03-02,Combined Maximum Sharpe,combined_max_sharpe,Combined,max_sharpe,Comm,0.1240992856598042
2021-03-02,Combined Maximum Sharpe,combined_max_sharpe,Combined,max_sharpe,Consumer,0.07268245346519764
2021-03-02,Combined Maximum Sharpe,combined_max_sharpe,Combined,max_sharpe,Crypto,0.3084001330944962
2021-03-02,Combined Maximum Sharpe,combined_max_sharpe,Combined,max_sharpe,Energy,2.6399583899203644e-16
2021-03-02,Combined Maximum Sharpe,combined_max_sharpe,Combined,max_sharpe,Financials,1.3365093478052028e-16
2021-03-02,Combined Maximum Sharpe,combined_max_sharpe,Combined,max_sharpe,Healthcare,0.1393117861569393
2021-03-02,Combined Maximum Sharpe,combined_max_sharpe,Combined,max_sharpe,Industrials,0.19999999999999904
2021-03-02,Combined Maximum Sharpe,combined_max_sharpe,Combined,max_sharpe,Materials,0.021019766541038928
2021-03-02,Combined Maximum Sharpe,combined_max_sharpe,Combined,max_sharpe,RealEstate,5.132807901050782e-17
2021-03-02,Combined Maximum Sharpe,combined_max_sharpe,Combined,max_sharpe,Tech,0.13448657508252343
2021-03-02,Combined Maximum Sharpe,combined_max_sharpe,Combined,max_sharpe,Utilities,3.7671076950156425e-17
2021-04-05,Combined Maximum Sharpe,combined_max_sharpe,Combined,max_sharpe,Comm,0.165061645121589
2021-04-05,Combined Maximum Sharpe,combined_max_sharpe,Combined,max_sharpe,Consumer,0.011965109041475906
2021-04-05,Combined Maximum Sharpe,combined_max_sharpe,Combined,max_sharpe,Crypto,0.2432861357855437
2021-04-05,Combined Maximum Sharpe,combined_max_sharpe,Combined,max_sharpe,Energy,8.985122709972682e-17
2021-04-05,Combined Maximum Sharpe,combined_max_sharpe,Combined,max_sharpe,Financials,0.15620515264950086
2021-04-05,Combined Maximum Sharpe,combined_max_sharpe,Combined,max_sharpe,Healthcare,0.15675177045683414
2021-04-05,Combined Maximum Sharpe,combined_max_sharpe,Combined,max_sharpe,Industrials,0.1193072759040096
2021-04-05,Combined Maximum Sharpe,combined_max_sharpe,Combined,max_sharpe,Materials,0.11853813731053243
2021-04-05,Combined Maximum Sharpe,combined_max_sharpe,Combined,max_sharpe,RealEstate,0.028884773730512847
2021-04-05,Combined Maximum Sharpe,combined_max_sharpe,Combined,max_sharpe,Tech,5.066882606473868e-16
2021-04-05,Combined Maximum Sharpe,combined_max_sharpe,Combined,max_sharpe,Utilities,8.212103103919336e-17
2021-05-04,Combined Maximum Sharpe,combined_max_sharpe,Combined,max_sharpe,Comm,0.0971819340499363
2021-05-04,Combined Maximum Sharpe,combined_max_sharpe,Combined,max_sharpe,Consumer,0.0223070757384234
2021-05-04,Combined Maximum Sharpe,combined_max_sharpe,Combined,max_sharpe,Crypto,0.1894307541136342
2021-05-04,Combined Maximum Sharpe,combined_max_sharpe,Combined,max_sharpe,Energy,0.0
2021-05-04,Combined Maximum Sharpe,combined_max_sharpe,Combined,max_sharpe,Financials,0.11552661054312095
2021-05-04,Combined Maximum Sharpe,combined_max_sharpe,Combined,max_sharpe,Healthcare,0.09999999999999963
2021-05-04,Combined Maximum Sharpe,combined_max_sharpe,Combined,max_sharpe,Industrials,0.2248866486059423
2021-05-04,Combined Maximum Sharpe,combined_max_sharpe,Combined,max_sharpe,Materials,0.09999999999999977
2021-05-04,Combined Maximum Sharpe,combined_max_sharpe,Combined,max_sharpe,RealEstate,0.09999999999999953
2021-05-04,Combined Maximum Sharpe,combined_max_sharpe,Combined,max_sharpe,Tech,0.03637291825819236
2021-05-04,Combined Maximum Sharpe,combined_max_sharpe,Combined,max_sharpe,Utilities,0.01429405869075045
2021-06-02,Combined Maximum Sharpe,combined_max_sharpe,Combined,max_sharpe,Comm,0.1
2021-06-02,Combined Maximum Sharpe,combined_max_sharpe,Combined,max_sharpe,Consumer,0.0
2021-06-02,Combined Maximum Sharpe,combined_max_sharpe,Combined,max_sharpe,Crypto,0.10886274253382437
2021-06-02,Combined Maximum Sharpe,combined_max_sharpe,Combined,max_sharpe,Energy,1.0595787971515443e-16
2021-06-02,Combined Maximum Sharpe,combined_max_sharpe,Combined,max_sharpe,Financials,0.1100993705131569
2021-06-02,Combined Maximum Sharpe,combined_max_sharpe,Combined,max_sharpe,Healthcare,0.016327988875545627
2021-06-02,Combined Maximum Sharpe,combined_max_sharpe,Combined,max_sharpe,Industrials,0.2999999999999996
2021-06-02,Combined Maximum Sharpe,combined_max_sharpe,Combined,max_sharpe,Materials,0.16712092225304992
2021-06-02,Combined Maximum Sharpe,combined_max_sharpe,Combined,max_sharpe,RealEstate,0.09999999999999996
2021-06-02,Combined Maximum Sharpe,combined_max_sharpe,Combined,max_sharpe,Tech,0.06587088420340874
2021-06-02,Combined Maximum Sharpe,combined_max_sharpe,Combined,max_sharpe,Utilities,0.03171809162101414
2021-07-02,Combined Maximum Sharpe,combined_max_sharpe,Combined,max_sharpe,Comm,0.00048790784579799603
2021-07-02,Combined Maximum Sharpe,combined_max_sharpe,Combined,max_sharpe,Consumer,0.10324466414873061
2021-07-02,Combined Maximum Sharpe,combined_max_sharpe,Combined,max_sharpe,Crypto,0.0587496727881625
2021-07-02,Combined Maximum Sharpe,combined_max_sharpe,Combined,max_sharpe,Energy,0.0
2021-07-02,Combined Maximum Sharpe,combined_max_sharpe,Combined,max_sharpe,Financials,0.12480323120119813
2021-07-02,Combined Maximum Sharpe,combined_max_sharpe,Combined,max_sharpe,Healthcare,0.0241481125899229
2021-07-02,Combined Maximum Sharpe,combined_max_sharpe,Combined,max_sharpe,Industrials,0.23362992263372556
2021-07-02,Combined Maximum Sharpe,combined_max_sharpe,Combined,max_sharpe,Materials,0.12405373557754193
2021-07-02,Combined Maximum Sharpe,combined_max_sharpe,Combined,max_sharpe,RealEstate,0.09999999999999995
2021-07-02,Combined Maximum Sharpe,combined_max_sharpe,Combined,max_sharpe,Tech,0.1308827532149195
2021-07-02,Combined Maximum Sharpe,combined_max_sharpe,Combined,max_sharpe,Utilities,0.09999999999999973
2021-08-03,Combined Maximum Sharpe,combined_max_sharpe,Combined,max_sharpe,Comm,0.0
2021-08-03,Combined Maximum Sharpe,combined_max_sharpe,Combined,max_sharpe,Consumer,0.16603404150272807
2021-08-03,Combined Maximum Sharpe,combined_max_sharpe,Combined,max_sharpe,Crypto,0.057989130551151895
2021-08-03,Combined Maximum Sharpe,combined_max_sharpe,Combined,max_sharpe,Energy,7.375374446247789e-17
2021-08-03,Combined Maximum Sharpe,combined_max_sharpe,Combined,max_sharpe,Financials,0.14260751263458346
2021-08-03,Combined Maximum Sharpe,combined_max_sharpe,Combined,max_sharpe,Healthcare,0.016682092942293097
2021-08-03,Combined Maximum Sharpe,combined_max_sharpe,Combined,max_sharpe,Industrials,0.11040444717371438
2021-08-03,Combined Maximum Sharpe,combined_max_sharpe,Combined,max_sharpe,Materials,0.17559145471534152
2021-08-03,Combined Maximum Sharpe,combined_max_sharpe,Combined,max_sharpe,RealEstate,0.11153600464639546
2021-08-03,Combined Maximum Sharpe,combined_max_sharpe,Combined,max_sharpe,Tech,0.11915531583379149
2021-08-03,Combined Maximum Sharpe,combined_max_sharpe,Combined,max_sharpe,Utilities,0.09999999999999992
2021-09-02,Combined Maximum Sharpe,combined_max_sharpe,Combined,max_sharpe,Comm,2.2556408495252627e-16
2021-09-02,Combined Maximum Sharpe,combined_max_sharpe,Combined,max_sharpe,Consumer,0.0952771670519682
2021-09-02,Combined Maximum Sharpe,combined_max_sharpe,Combined,max_sharpe,Crypto,0.07022269418736166
2021-09-02,Combined Maximum Sharpe,combined_max_sharpe,Combined,max_sharpe,Energy,9.43762873792965e-16
2021-09-02,Combined Maximum Sharpe,combined_max_sharpe,Combined,max_sharpe,Financials,0.15123146075494848
2021-09-02,Combined Maximum Sharpe,combined_max_sharpe,Combined,max_sharpe,Healthcare,0.05567419388883794
2021-09-02,Combined Maximum Sharpe,combined_max_sharpe,Combined,max_sharpe,Industrials,0.095894811169613
2021-09-02,Combined Maximum Sharpe,combined_max_sharpe,Combined,max_sharpe,Materials,0.17047871924045443
2021-09-02,Combined Maximum Sharpe,combined_max_sharpe,Combined,max_sharpe,RealEstate,0.1999999999999999
2021-09-02,Combined Maximum Sharpe,combined_max_sharpe,Combined,max_sharpe,Tech,0.05715125364489475
2021-09-02,Combined Maximum Sharpe,combined_max_sharpe,Combined,max_sharpe,Utilities,0.10406970006191993
2021-10-04,Combined Maximum Sharpe,combined_max_sharpe,Combined,max_sharpe,Comm,0.022423795257715404
2021-10-04,Combined Maximum Sharpe,combined_max_sharpe,Combined,max_sharpe,Consumer,1.6674953778539674e-16
2021-10-04,Combined Maximum Sharpe,combined_max_sharpe,Combined,max_sharpe,Crypto,0.06942709532389109
2021-10-04,Combined Maximum Sharpe,combined_max_sharpe,Combined,max_sharpe,Energy,0.03852055843218147
2021-10-04,Combined Maximum Sharpe,combined_max_sharpe,Combined,max_sharpe,Financials,0.229688422799313
2021-10-04,Combined Maximum Sharpe,combined_max_sharpe,Combined,max_sharpe,Healthcare,0.05197807582041995
2021-10-04,Combined Maximum Sharpe,combined_max_sharpe,Combined,max_sharpe,Industrials,0.09999999999999971
2021-10-04,Combined Maximum Sharpe,combined_max_sharpe,Combined,max_sharpe,Materials,0.09875616090394593
2021-10-04,Combined Maximum Sharpe,combined_max_sharpe,Combined,max_sharpe,RealEstate,0.2509523198980915
2021-10-04,Combined Maximum Sharpe,combined_max_sharpe,Combined,max_sharpe,Tech,0.077897538565985
2021-10-04,Combined Maximum Sharpe,combined_max_sharpe,Combined,max_sharpe,Utilities,0.060356032998455746
2021-11-02,Combined Maximum Sharpe,combined_max_sharpe,Combined,max_sharpe,Comm,0.013179020076313028
2021-11-02,Combined Maximum Sharpe,combined_max_sharpe,Combined,max_sharpe,Consumer,3.558816170182751e-16
2021-11-02,Combined Maximum Sharpe,combined_max_sharpe,Combined,max_sharpe,Crypto,0.04082245907334333
2021-11-02,Combined Maximum Sharpe,combined_max_sharpe,Combined,max_sharpe,Energy,0.07719614837427889
2021-11-02,Combined Maximum Sharpe,combined_max_sharpe,Combined,max_sharpe,Financials,0.24737675391565733
2021-11-02,Combined Maximum Sharpe,combined_max_sharpe,Combined,max_sharpe,Healthcare,0.17839989972601264
2021-11-02,Combined Maximum Sharpe,combined_max_sharpe,Combined,max_sharpe,Industrials,5.150573080515687e-16
2021-11-02,Combined Maximum Sharpe,combined_max_sharpe,Combined,max_sharpe,Materials,0.1101893508862216
2021-11-02,Combined Maximum Sharpe,combined_max_sharpe,Combined,max_sharpe,RealEstate,0.2557397500434323
2021-11-02,Combined Maximum Sharpe,combined_max_sharpe,Combined,max_sharpe,Tech,0.07637801135968271
2021-11-02,Combined Maximum Sharpe,combined_max_sharpe,Combined,max_sharpe,Utilities,0.0007186065450565082
2021-12-02,Combined Maximum Sharpe,combined_max_sharpe,Combined,max_sharpe,Comm,6.807657266582394e-18
2021-12-02,Combined Maximum Sharpe,combined_max_sharpe,Combined,max_sharpe,Consumer,2.4902833354208834e-16
2021-12-02,Combined Maximum Sharpe,combined_max_sharpe,Combined,max_sharpe,Crypto,0.0257810570895049
2021-12-02,Combined Maximum Sharpe,combined_max_sharpe,Combined,max_sharpe,Energy,0.0970274388892785
2021-12-02,Combined Maximum Sharpe,combined_max_sharpe,Combined,max_sharpe,Financials,0.1741318062941175
2021-12-02,Combined Maximum Sharpe,combined_max_sharpe,Combined,max_sharpe,Healthcare,0.15852820555522407
2021-12-02,Combined Maximum Sharpe,combined_max_sharpe,Combined,max_sharpe,Industrials,6.555474220562125e-17
2021-12-02,Combined Maximum Sharpe,combined_max_sharpe,Combined,max_sharpe,Materials,0.1440831879912595
2021-12-02,Combined Maximum Sharpe,combined_max_sharpe,Combined,max_sharpe,RealEstate,0.2084579100193176
2021-12-02,Combined Maximum Sharpe,combined_max_sharpe,Combined,max_sharpe,Tech,0.1466340912964964
2021-12-02,Combined Maximum Sharpe,combined_max_sharpe,Combined,max_sharpe,Utilities,0.04535630286480084
2022-01-04,Combined Maximum Sharpe,combined_max_sharpe,Combined,max_sharpe,Comm,2.8834805439922547e-16
2022-01-04,Combined Maximum Sharpe,combined_max_sharpe,Combined,max_sharpe,Consumer,1.1653455003434632e-16
2022-01-04,Combined Maximum Sharpe,combined_max_sharpe,Combined,max_sharpe,Crypto,0.016695797698144537
2022-01-04,Combined Maximum Sharpe,combined_max_sharpe,Combined,max_sharpe,Energy,0.09999999999999923
2022-01-04,Combined Maximum Sharpe,combined_max_sharpe,Combined,max_sharpe,Financials,0.022400470394108828
2022-01-04,Combined Maximum Sharpe,combined_max_sharpe,Combined,max_sharpe,Healthcare,0.21991706986592235
2022-01-04,Combined Maximum Sharpe,combined_max_sharpe,Combined,max_sharpe,Industrials,3.3194425088419943e-16
2022-01-04,Combined Maximum Sharpe,combined_max_sharpe,Combined,max_sharpe,Materials,0.19999999999999932
2022-01-04,Combined Maximum Sharpe,combined_max_sharpe,Combined,max_sharpe,RealEstate,0.275201370402451
2022-01-04,Combined Maximum Sharpe,combined_max_sharpe,Combined,max_sharpe,Tech,0.0911950963817354
2022-01-04,Combined Maximum Sharpe,combined_max_sharpe,Combined,max_sharpe,Utilities,0.07459019525763778
2022-02-02,Combined Maximum Sharpe,combined_max_sharpe,Combined,max_sharpe,Comm,6.510027677241162e-16
2022-02-02,Combined Maximum Sharpe,combined_max_sharpe,Combined,max_sharpe,Consumer,0.09999999999999805
2022-02-02,Combined Maximum Sharpe,combined_max_sharpe,Combined,max_sharpe,Crypto,0.0148655557914533
2022-02-02,Combined Maximum Sharpe,combined_max_sharpe,Combined,max_sharpe,Energy,0.1463313870958659
2022-02-02,Combined Maximum Sharpe,combined_max_sharpe,Combined,max_sharpe,Financials,0.08133682655027376
2022-02-02,Combined Maximum Sharpe,combined_max_sharpe,Combined,max_sharpe,Healthcare,0.12161696739361867
2022-02-02,Combined Maximum Sharpe,combined_max_sharpe,Combined,max_sharpe,Industrials,0.0
2022-02-02,Combined Maximum Sharpe,combined_max_sharpe,Combined,max_sharpe,Materials,0.0700335899279893
2022-02-02,Combined Maximum Sharpe,combined_max_sharpe,Combined,max_sharpe,RealEstate,0.19999999999999568
2022-02-02,Combined Maximum Sharpe,combined_max_sharpe,Combined,max_sharpe,Tech,0.08154229293989725
2022-02-02,Combined Maximum Sharpe,combined_max_sharpe,Combined,max_sharpe,Utilities,0.1842733803009069
2022-03-02,Combined Maximum Sharpe,combined_max_sharpe,Combined,max_sharpe,Comm,0.0
2022-03-02,Combined Maximum Sharpe,combined_max_sharpe,Combined,max_sharpe,Consumer,0.099999999999996
2022-03-02,Combined Maximum Sharpe,combined_max_sharpe,Combined,max_sharpe,Crypto,0.0200200859196224
2022-03-02,Combined Maximum Sharpe,combined_max_sharpe,Combined,max_sharpe,Energy,0.14628775700284327
2022-03-02,Combined Maximum Sharpe,combined_max_sharpe,Combined,max_sharpe,Financials,0.016688500859002
2022-03-02,Combined Maximum Sharpe,combined_max_sharpe,Combined,max_sharpe,Healthcare,0.11710505129784182
2022-03-02,Combined Maximum Sharpe,combined_max_sharpe,Combined,max_sharpe,Industrials,0.0154874844823965
2022-03-02,Combined Maximum Sharpe,combined_max_sharpe,Combined,max_sharpe,Materials,0.1514856087335465
2022-03-02,Combined Maximum Sharpe,combined_max_sharpe,Combined,max_sharpe,RealEstate,0.19999999999999946
2022-03-02,Combined Maximum Sharpe,combined_max_sharpe,Combined,max_sharpe,Tech,0.0755576458656733
2022-03-02,Combined Maximum Sharpe,combined_max_sharpe,Combined,max_sharpe,Utilities,0.15736786583907794
2022-04-04,Combined Maximum Sharpe,combined_max_sharpe,Combined,max_sharpe,Comm,1.5198873717854348e-15
2022-04-04,Combined Maximum Sharpe,combined_max_sharpe,Combined,max_sharpe,Consumer,0.07449109995038296
2022-04-04,Combined Maximum Sharpe,combined_max_sharpe,Combined,max_sharpe,Crypto,0.019238937852879348
2022-04-04,Combined Maximum Sharpe,combined_max_sharpe,Combined,max_sharpe,Energy,0.21288002769803505
2022-04-04,Combined Maximum Sharpe,combined_max_sharpe,Combined,max_sharpe,Financials,1.7417310113612744e-15
2022-04-04,Combined Maximum Sharpe,combined_max_sharpe,Combined,max_sharpe,Healthcare,0.11418309988176581
2022-04-04,Combined Maximum Sharpe,combined_max_sharpe,Combined,max_sharpe,Industrials,1.5693040442994244e-15
2022-04-04,Combined Maximum Sharpe,combined_max_sharpe,Combined,max_sharpe,Materials,0.12333698025864182
2022-04-04,Combined Maximum Sharpe,combined_max_sharpe,Combined,max_sharpe,RealEstate,0.199999999999999
2022-04-04,Combined Maximum Sharpe,combined_max_sharpe,Combined,max_sharpe,Tech,0.09071821888824126
2022-04-04,Combined Maximum Sharpe,combined_max_sharpe,Combined,max_sharpe,Utilities,0.165151635470049
2022-05-03,Combined Maximum Sharpe,combined_max_sharpe,Combined,max_sharpe,Comm,0.0
2022-05-03,Combined Maximum Sharpe,combined_max_sharpe,Combined,max_sharpe,Consumer,0.1000000000000045
2022-05-03,Combined Maximum Sharpe,combined_max_sharpe,Combined,max_sharpe,Crypto,1.4586470293685432e-14
2022-05-03,Combined Maximum Sharpe,combined_max_sharpe,Combined,max_sharpe,Energy,0.24775875432762612
2022-05-03,Combined Maximum Sharpe,combined_max_sharpe,Combined,max_sharpe,Financials,0.0
2022-05-03,Combined Maximum Sharpe,combined_max_sharpe,Combined,max_sharpe,Healthcare,0.199999999999992
2022-05-03,Combined Maximum Sharpe,combined_max_sharpe,Combined,max_sharpe,Industrials,0.0
2022-05-03,Combined Maximum Sharpe,combined_max_sharpe,Combined,max_sharpe,Materials,0.12378102571682739
2022-05-03,Combined Maximum Sharpe,combined_max_sharpe,Combined,max_sharpe,RealEstate,0.1999999999999903
2022-05-03,Combined Maximum Sharpe,combined_max_sharpe,Combined,max_sharpe,Tech,0.025942738002487104
2022-05-03,Combined Maximum Sharpe,combined_max_sharpe,Combined,max_sharpe,Utilities,0.10251748195305749
2022-06-02,Combined Maximum Sharpe,combined_max_sharpe,Combined,max_sharpe,Comm,1.9338393023197163e-16
2022-06-02,Combined Maximum Sharpe,combined_max_sharpe,Combined,max_sharpe,Consumer,0.07378894928395496
2022-06-02,Combined Maximum Sharpe,combined_max_sharpe,Combined,max_sharpe,Crypto,8.789579227704609e-16
2022-06-02,Combined Maximum Sharpe,combined_max_sharpe,Combined,max_sharpe,Energy,0.32354525333634837
2022-06-02,Combined Maximum Sharpe,combined_max_sharpe,Combined,max_sharpe,Financials,1.9154757569848254e-16
2022-06-02,Combined Maximum Sharpe,combined_max_sharpe,Combined,max_sharpe,Healthcare,0.2524069690800907
2022-06-02,Combined Maximum Sharpe,combined_max_sharpe,Combined,max_sharpe,Industrials,3.446919369484697e-16
2022-06-02,Combined Maximum Sharpe,combined_max_sharpe,Combined,max_sharpe,Materials,1.057663994201435e-15
2022-06-02,Combined Maximum Sharpe,combined_max_sharpe,Combined,max_sharpe,RealEstate,0.003363864074699246
2022-06-02,Combined Maximum Sharpe,combined_max_sharpe,Combined,max_sharpe,Tech,0.04689496422490512
2022-06-02,Combined Maximum Sharpe,combined_max_sharpe,Combined,max_sharpe,Utilities,0.2999999999999978
2022-07-05,Combined Maximum Sharpe,combined_max_sharpe,Combined,max_sharpe,Comm,4.602562023760771e-14
2022-07-05,Combined Maximum Sharpe,combined_max_sharpe,Combined,max_sharpe,Consumer,0.09999999999996095
2022-07-05,Combined Maximum Sharpe,combined_max_sharpe,Combined,max_sharpe,Crypto,1.622773747902973e-13
2022-07-05,Combined Maximum Sharpe,combined_max_sharpe,Combined,max_sharpe,Energy,0.30494118363913314
2022-07-05,Combined Maximum Sharpe,combined_max_sharpe,Combined,max_sharpe,Financials,6.323307948595023e-14
2022-07-05,Combined Maximum Sharpe,combined_max_sharpe,Combined,max_sharpe,Healthcare,0.1999999999999345
2022-07-05,Combined Maximum Sharpe,combined_max_sharpe,Combined,max_sharpe,Industrials,6.616703688885462e-14
2022-07-05,Combined Maximum Sharpe,combined_max_sharpe,Combined,max_sharpe,Materials,2.725742196468983e-13
2022-07-05,Combined Maximum Sharpe,combined_max_sharpe,Combined,max_sharpe,RealEstate,0.04232387017828597
2022-07-05,Combined Maximum Sharpe,combined_max_sharpe,Combined,max_sharpe,Tech,2.5436376765313242e-14
2022-07-05,Combined Maximum Sharpe,combined_max_sharpe,Combined,max_sharpe,Utilities,0.35273494618204937
2022-08-02,Combined Maximum Sharpe,combined_max_sharpe,Combined,max_sharpe,Comm,6.6047339855586054e-15
2022-08-02,Combined Maximum Sharpe,combined_max_sharpe,Combined,max_sharpe,Consumer,0.09999999999995744
2022-08-02,Combined Maximum Sharpe,combined_max_sharpe,Combined,max_sharpe,Crypto,4.287971867898485e-14
2022-08-02,Combined Maximum Sharpe,combined_max_sharpe,Combined,max_sharpe,Energy,0.3596179241103034
2022-08-02,Combined Maximum Sharpe,combined_max_sharpe,Combined,max_sharpe,Financials,1.0150811004413198e-14
2022-08-02,Combined Maximum Sharpe,combined_max_sharpe,Combined,max_sharpe,Healthcare,0.1999999999999479
2022-08-02,Combined Maximum Sharpe,combined_max_sharpe,Combined,max_sharpe,Industrials,1.0412958302236428e-14
2022-08-02,Combined Maximum Sharpe,combined_max_sharpe,Combined,max_sharpe,Materials,0.04367009673227631
2022-08-02,Combined Maximum Sharpe,combined_max_sharpe,Combined,max_sharpe,RealEstate,0.07978844211234443
2022-08-02,Combined Maximum Sharpe,combined_max_sharpe,Combined,max_sharpe,Tech,4.030003140932021e-15
2022-08-02,Combined Maximum Sharpe,combined_max_sharpe,Combined,max_sharpe,Utilities,0.21692353704509598
2022-09-02,Combined Maximum Sharpe,combined_max_sharpe,Combined,max_sharpe,Comm,3.146247532279431e-14
2022-09-02,Combined Maximum Sharpe,combined_max_sharpe,Combined,max_sharpe,Consumer,0.09999999999996671
2022-09-02,Combined Maximum Sharpe,combined_max_sharpe,Combined,max_sharpe,Crypto,5.452157903889998e-14
2022-09-02,Combined Maximum Sharpe,combined_max_sharpe,Combined,max_sharpe,Energy,0.39999999999998703
2022-09-02,Combined Maximum Sharpe,combined_max_sharpe,Combined,max_sharpe,Financials,1.1812548414556987e-14
2022-09-02,Combined Maximum Sharpe,combined_max_sharpe,Combined,max_sharpe,Healthcare,0.29999999999986554
2022-09-02,Combined Maximum Sharpe,combined_max_sharpe,Combined,max_sharpe,Industrials,2.087344407562638e-14
2022-09-02,Combined Maximum Sharpe,combined_max_sharpe,Combined,max_sharpe,Materials,6.845779426580421e-14
2022-09-02,Combined Maximum Sharpe,combined_max_sharpe,Combined,max_sharpe,RealEstate,2.541240485376898e-14
2022-09-02,Combined Maximum Sharpe,combined_max_sharpe,Combined,max_sharpe,Tech,7.679130879236061e-15
2022-09-02,Combined Maximum Sharpe,combined_max_sharpe,Combined,max_sharpe,Utilities,0.19999999999996
2022-10-04,Combined Maximum Sharpe,combined_max_sharpe,Combined,max_sharpe,Comm,0.0
2022-10-04,Combined Maximum Sharpe,combined_max_sharpe,Combined,max_sharpe,Consumer,0.0999999999999973
2022-10-04,Combined Maximum Sharpe,combined_max_sharpe,Combined,max_sharpe,Crypto,0.0
2022-10-04,Combined Maximum Sharpe,combined_max_sharpe,Combined,max_sharpe,Energy,0.3999999999999968
2022-10-04,Combined Maximum Sharpe,combined_max_sharpe,Combined,max_sharpe,Financials,0.0
2022-10-04,Combined Maximum Sharpe,combined_max_sharpe,Combined,max_sharpe,Healthcare,0.2999999999999978
2022-10-04,Combined Maximum Sharpe,combined_max_sharpe,Combined,max_sharpe,Industrials,0.0
2022-10-04,Combined Maximum Sharpe,combined_max_sharpe,Combined,max_sharpe,Materials,0.01173652648441
2022-10-04,Combined Maximum Sharpe,combined_max_sharpe,Combined,max_sharpe,RealEstate,0.0
2022-10-04,Combined Maximum Sharpe,combined_max_sharpe,Combined,max_sharpe,Tech,0.0
2022-10-04,Combined Maximum Sharpe,combined_max_sharpe,Combined,max_sharpe,Utilities,0.1882634735155976
2022-11-02,Combined Maximum Sharpe,combined_max_sharpe,Combined,max_sharpe,Comm,0.09999999999999921
2022-11-02,Combined Maximum Sharpe,combined_max_sharpe,Combined,max_sharpe,Consumer,0.09999999999998624
2022-11-02,Combined Maximum Sharpe,combined_max_sharpe,Combined,max_sharpe,Crypto,9.381782231280367e-15
2022-11-02,Combined Maximum Sharpe,combined_max_sharpe,Combined,max_sharpe,Energy,0.40000000000000513
2022-11-02,Combined Maximum Sharpe,combined_max_sharpe,Combined,max_sharpe,Financials,1.6588671924748337e-15
2022-11-02,Combined Maximum Sharpe,combined_max_sharpe,Combined,max_sharpe,Healthcare,0.3999999999999613
2022-11-02,Combined Maximum Sharpe,combined_max_sharpe,Combined,max_sharpe,Industrials,1.8101131909204224e-15
2022-11-02,Combined Maximum Sharpe,combined_max_sharpe,Combined,max_sharpe,Materials,1.7977219554394937e-14
2022-11-02,Combined Maximum Sharpe,combined_max_sharpe,Combined,max_sharpe,RealEstate,1.2747947402252504e-15
2022-11-02,Combined Maximum Sharpe,combined_max_sharpe,Combined,max_sharpe,Tech,2.4570923404254727e-15
2022-11-02,Combined Maximum Sharpe,combined_max_sharpe,Combined,max_sharpe,Utilities,1.3202457235459119e-14
2022-12-02,Combined Maximum Sharpe,combined_max_sharpe,Combined,max_sharpe,Comm,0.1000000000000182
2022-12-02,Combined Maximum Sharpe,combined_max_sharpe,Combined,max_sharpe,Consumer,0.10049959019809121
2022-12-02,Combined Maximum Sharpe,combined_max_sharpe,Combined,max_sharpe,Crypto,0.0
2022-12-02,Combined Maximum Sharpe,combined_max_sharpe,Combined,max_sharpe,Energy,0.31216962127218706
2022-12-02,Combined Maximum Sharpe,combined_max_sharpe,Combined,max_sharpe,Financials,0.0
2022-12-02,Combined Maximum Sharpe,combined_max_sharpe,Combined,max_sharpe,Healthcare,0.4000000000000728
2022-12-02,Combined Maximum Sharpe,combined_max_sharpe,Combined,max_sharpe,Industrials,0.0
2022-12-02,Combined Maximum Sharpe,combined_max_sharpe,Combined,max_sharpe,Materials,0.0191294401507673
2022-12-02,Combined Maximum Sharpe,combined_max_sharpe,Combined,max_sharpe,RealEstate,0.0
2022-12-02,Combined Maximum Sharpe,combined_max_sharpe,Combined,max_sharpe,Tech,0.0
2022-12-02,Combined Maximum Sharpe,combined_max_sharpe,Combined,max_sharpe,Utilities,0.0682013483788629
2023-01-04,Combined Maximum Sharpe,combined_max_sharpe,Combined,max_sharpe,Comm,0.09909126506006705
2023-01-04,Combined Maximum Sharpe,combined_max_sharpe,Combined,max_sharpe,Consumer,0.10000000000000042
2023-01-04,Combined Maximum Sharpe,combined_max_sharpe,Combined,max_sharpe,Crypto,6.496197431118546e-15
2023-01-04,Combined Maximum Sharpe,combined_max_sharpe,Combined,max_sharpe,Energy,0.4009087349399164
2023-01-04,Combined Maximum Sharpe,combined_max_sharpe,Combined,max_sharpe,Financials,0.0
2023-01-04,Combined Maximum Sharpe,combined_max_sharpe,Combined,max_sharpe,Healthcare,0.4000000000000004
2023-01-04,Combined Maximum Sharpe,combined_max_sharpe,Combined,max_sharpe,Industrials,2.1616766804527828e-15
2023-01-04,Combined Maximum Sharpe,combined_max_sharpe,Combined,max_sharpe,Materials,0.0
2023-01-04,Combined Maximum Sharpe,combined_max_sharpe,Combined,max_sharpe,RealEstate,0.0
2023-01-04,Combined Maximum Sharpe,combined_max_sharpe,Combined,max_sharpe,Tech,0.0
2023-01-04,Combined Maximum Sharpe,combined_max_sharpe,Combined,max_sharpe,Utilities,6.522767479683863e-15
2023-02-02,Combined Maximum Sharpe,combined_max_sharpe,Combined,max_sharpe,Comm,0.1684233943320722
2023-02-02,Combined Maximum Sharpe,combined_max_sharpe,Combined,max_sharpe,Consumer,0.02200700539661777
2023-02-02,Combined Maximum Sharpe,combined_max_sharpe,Combined,max_sharpe,Crypto,3.3153996385866477e-16
2023-02-02,Combined Maximum Sharpe,combined_max_sharpe,Combined,max_sharpe,Energy,0.3095696002713082
2023-02-02,Combined Maximum Sharpe,combined_max_sharpe,Combined,max_sharpe,Financials,0.0
2023-02-02,Combined Maximum Sharpe,combined_max_sharpe,Combined,max_sharpe,Healthcare,0.3999999999999988
2023-02-02,Combined Maximum Sharpe,combined_max_sharpe,Combined,max_sharpe,Industrials,2.054511520911953e-15
2023-02-02,Combined Maximum Sharpe,combined_max_sharpe,Combined,max_sharpe,Materials,0.0999999999999999
2023-02-02,Combined Maximum Sharpe,combined_max_sharpe,Combined,max_sharpe,RealEstate,8.828700037473418e-18
2023-02-02,Combined Maximum Sharpe,combined_max_sharpe,Combined,max_sharpe,Tech,0.0
2023-02-02,Combined Maximum Sharpe,combined_max_sharpe,Combined,max_sharpe,Utilities,1.8242981544295023e-16
2023-03-02,Combined Maximum Sharpe,combined_max_sharpe,Combined,max_sharpe,Comm,0.10641438428227999
2023-03-02,Combined Maximum Sharpe,combined_max_sharpe,Combined,max_sharpe,Consumer,0.09021141946974558
2023-03-02,Combined Maximum Sharpe,combined_max_sharpe,Combined,max_sharpe,Crypto,6.2372167900418126e-15
2023-03-02,Combined Maximum Sharpe,combined_max_sharpe,Combined,max_sharpe,Energy,0.25837966426429415
2023-03-02,Combined Maximum Sharpe,combined_max_sharpe,Combined,max_sharpe,Financials,7.858807161000594e-16
2023-03-02,Combined Maximum Sharpe,combined_max_sharpe,Combined,max_sharpe,Healthcare,0.34769687933605753
2023-03-02,Combined Maximum Sharpe,combined_max_sharpe,Combined,max_sharpe,Industrials,0.1000000000000085
2023-03-02,Combined Maximum Sharpe,combined_max_sharpe,Combined,max_sharpe,Materials,0.09729765264759935
2023-03-02,Combined Maximum Sharpe,combined_max_sharpe,Combined,max_sharpe,RealEstate,1.8059196078274937e-15
2023-03-02,Combined Maximum Sharpe,combined_max_sharpe,Combined,max_sharpe,Tech,3.6644757965198e-15
2023-03-02,Combined Maximum Sharpe,combined_max_sharpe,Combined,max_sharpe,Utilities,1.924606509522043e-15
2023-04-04,Combined Maximum Sharpe,combined_max_sharpe,Combined,max_sharpe,Comm,0.19999999999913706
2023-04-04,Combined Maximum Sharpe,combined_max_sharpe,Combined,max_sharpe,Consumer,0.18132737361370205
2023-04-04,Combined Maximum Sharpe,combined_max_sharpe,Combined,max_sharpe,Crypto,4.892605353131068e-13
2023-04-04,Combined Maximum Sharpe,combined_max_sharpe,Combined,max_sharpe,Energy,0.19084437433305718
2023-04-04,Combined Maximum Sharpe,combined_max_sharpe,Combined,max_sharpe,Financials,1.2515859697320295e-13
2023-04-04,Combined Maximum Sharpe,combined_max_sharpe,Combined,max_sharpe,Healthcare,0.32782825205218363
2023-04-04,Combined Maximum Sharpe,combined_max_sharpe,Combined,max_sharpe,Industrials,0.09999999999999175
2023-04-04,Combined Maximum Sharpe,combined_max_sharpe,Combined,max_sharpe,Materials,4.850032890438979e-13
2023-04-04,Combined Maximum Sharpe,combined_max_sharpe,Combined,max_sharpe,RealEstate,9.096529574966907e-14
2023-04-04,Combined Maximum Sharpe,combined_max_sharpe,Combined,max_sharpe,Tech,6.600999400337849e-13
2023-04-04,Combined Maximum Sharpe,combined_max_sharpe,Combined,max_sharpe,Utilities,7.740356241684462e-14
2023-05-02,Combined Maximum Sharpe,combined_max_sharpe,Combined,max_sharpe,Comm,0.05509498656503668
2023-05-02,Combined Maximum Sharpe,combined_max_sharpe,Combined,max_sharpe,Consumer,0.11882379495308934
2023-05-02,Combined Maximum Sharpe,combined_max_sharpe,Combined,max_sharpe,Crypto,5.632326192555136e-15
2023-05-02,Combined Maximum Sharpe,combined_max_sharpe,Combined,max_sharpe,Energy,0.16486380329075662
2023-05-02,Combined Maximum Sharpe,combined_max_sharpe,Combined,max_sharpe,Financials,6.901438818670255e-15
2023-05-02,Combined Maximum Sharpe,combined_max_sharpe,Combined,max_sharpe,Healthcare,0.30725915629025524
2023-05-02,Combined Maximum Sharpe,combined_max_sharpe,Combined,max_sharpe,Industrials,0.19525432678196844
2023-05-02,Combined Maximum Sharpe,combined_max_sharpe,Combined,max_sharpe,Materials,2.3943832977650666e-15
2023-05-02,Combined Maximum Sharpe,combined_max_sharpe,Combined,max_sharpe,RealEstate,8.737310555211294e-16
2023-05-02,Combined Maximum Sharpe,combined_max_sharpe,Combined,max_sharpe,Tech,0.09686338115074798
2023-05-02,Combined Maximum Sharpe,combined_max_sharpe,Combined,max_sharpe,Utilities,0.06184055096812904
2023-06-02,Combined Maximum Sharpe,combined_max_sharpe,Combined,max_sharpe,Comm,0.08405994377779691
2023-06-02,Combined Maximum Sharpe,combined_max_sharpe,Combined,max_sharpe,Consumer,0.19999999999999768
2023-06-02,Combined Maximum Sharpe,combined_max_sharpe,Combined,max_sharpe,Crypto,0.0999999999999986
2023-06-02,Combined Maximum Sharpe,combined_max_sharpe,Combined,max_sharpe,Energy,0.07273773773823666
2023-06-02,Combined Maximum Sharpe,combined_max_sharpe,Combined,max_sharpe,Financials,0.0
2023-06-02,Combined Maximum Sharpe,combined_max_sharpe,Combined,max_sharpe,Healthcare,0.2432023184839726
2023-06-02,Combined Maximum Sharpe,combined_max_sharpe,Combined,max_sharpe,Industrials,0.1999999999999972
2023-06-02,Combined Maximum Sharpe,combined_max_sharpe,Combined,max_sharpe,Materials,0.0
2023-06-02,Combined Maximum Sharpe,combined_max_sharpe,Combined,max_sharpe,RealEstate,3.3384852934032947e-16
2023-06-02,Combined Maximum Sharpe,combined_max_sharpe,Combined,max_sharpe,Tech,0.0999999999999986
2023-06-02,Combined Maximum Sharpe,combined_max_sharpe,Combined,max_sharpe,Utilities,6.172115053410183e-16
2023-07-05,Combined Maximum Sharpe,combined_max_sharpe,Combined,max_sharpe,Comm,1.9516959246535214e-16
2023-07-05,Combined Maximum Sharpe,combined_max_sharpe,Combined,max_sharpe,Consumer,0.19999999999999812
2023-07-05,Combined Maximum Sharpe,combined_max_sharpe,Combined,max_sharpe,Crypto,0.1723530161503654
2023-07-05,Combined Maximum Sharpe,combined_max_sharpe,Combined,max_sharpe,Energy,0.07343744986840765
2023-07-05,Combined Maximum Sharpe,combined_max_sharpe,Combined,max_sharpe,Financials,2.4715095872187386e-16
2023-07-05,Combined Maximum Sharpe,combined_max_sharpe,Combined,max_sharpe,Healthcare,0.19999999999999768
2023-07-05,Combined Maximum Sharpe,combined_max_sharpe,Combined,max_sharpe,Industrials,0.19999999999999968
2023-07-05,Combined Maximum Sharpe,combined_max_sharpe,Combined,max_sharpe,Materials,0.05420953398123009
2023-07-05,Combined Maximum Sharpe,combined_max_sharpe,Combined,max_sharpe,RealEstate,3.770355670199836e-16
2023-07-05,Combined Maximum Sharpe,combined_max_sharpe,Combined,max_sharpe,Tech,0.10000000000000006
2023-07-05,Combined Maximum Sharpe,combined_max_sharpe,Combined,max_sharpe,Utilities,1.6071539931663158e-16
2023-08-02,Combined Maximum Sharpe,combined_max_sharpe,Combined,max_sharpe,Comm,4.728092060345113e-16
2023-08-02,Combined Maximum Sharpe,combined_max_sharpe,Combined,max_sharpe,Consumer,0.11502319992646307
2023-08-02,Combined Maximum Sharpe,combined_max_sharpe,Combined,max_sharpe,Crypto,0.1460947332638462
2023-08-02,Combined Maximum Sharpe,combined_max_sharpe,Combined,max_sharpe,Energy,0.09999999999999971
2023-08-02,Combined Maximum Sharpe,combined_max_sharpe,Combined,max_sharpe,Financials,3.286682872451073e-16
2023-08-02,Combined Maximum Sharpe,combined_max_sharpe,Combined,max_sharpe,Healthcare,0.2646657857373705
2023-08-02,Combined Maximum Sharpe,combined_max_sharpe,Combined,max_sharpe,Industrials,0.274216281072314
2023-08-02,Combined Maximum Sharpe,combined_max_sharpe,Combined,max_sharpe,Materials,2.7560435657011753e-15
2023-08-02,Combined Maximum Sharpe,combined_max_sharpe,Combined,max_sharpe,RealEstate,5.318638031037146e-16
2023-08-02,Combined Maximum Sharpe,combined_max_sharpe,Combined,max_sharpe,Tech,0.10000000000000174
2023-08-02,Combined Maximum Sharpe,combined_max_sharpe,Combined,max_sharpe,Utilities,1.61660784934607e-16
2023-09-05,Combined Maximum Sharpe,combined_max_sharpe,Combined,max_sharpe,Comm,0.0748928953719931
2023-09-05,Combined Maximum Sharpe,combined_max_sharpe,Combined,max_sharpe,Consumer,0.0999999999999995
2023-09-05,Combined Maximum Sharpe,combined_max_sharpe,Combined,max_sharpe,Crypto,0.0976193257040742
2023-09-05,Combined Maximum Sharpe,combined_max_sharpe,Combined,max_sharpe,Energy,0.088690436805342
2023-09-05,Combined Maximum Sharpe,combined_max_sharpe,Combined,max_sharpe,Financials,4.3684045547366067e-17
2023-09-05,Combined Maximum Sharpe,combined_max_sharpe,Combined,max_sharpe,Healthcare,0.3387973421185914
2023-09-05,Combined Maximum Sharpe,combined_max_sharpe,Combined,max_sharpe,Industrials,0.199999999999999
2023-09-05,Combined Maximum Sharpe,combined_max_sharpe,Combined,max_sharpe,Materials,2.6499179136528923e-16
2023-09-05,Combined Maximum Sharpe,combined_max_sharpe,Combined,max_sharpe,RealEstate,8.03961942189828e-17
2023-09-05,Combined Maximum Sharpe,combined_max_sharpe,Combined,max_sharpe,Tech,0.0999999999999995
2023-09-05,Combined Maximum Sharpe,combined_max_sharpe,Combined,max_sharpe,Utilities,4.2381677755472717e-16
2023-10-03,Combined Maximum Sharpe,combined_max_sharpe,Combined,max_sharpe,Comm,0.09999999999999992
2023-10-03,Combined Maximum Sharpe,combined_max_sharpe,Combined,max_sharpe,Consumer,0.1
2023-10-03,Combined Maximum Sharpe,combined_max_sharpe,Combined,max_sharpe,Crypto,0.07482772951453943
2023-10-03,Combined Maximum Sharpe,combined_max_sharpe,Combined,max_sharpe,Energy,0.09999999999999967
2023-10-03,Combined Maximum Sharpe,combined_max_sharpe,Combined,max_sharpe,Financials,0.0
2023-10-03,Combined Maximum Sharpe,combined_max_sharpe,Combined,max_sharpe,Healthcare,0.24677005827334023
2023-10-03,Combined Maximum Sharpe,combined_max_sharpe,Combined,max_sharpe,Industrials,0.19999999999999982
2023-10-03,Combined Maximum Sharpe,combined_max_sharpe,Combined,max_sharpe,Materials,0.0
2023-10-03,Combined Maximum Sharpe,combined_max_sharpe,Combined,max_sharpe,RealEstate,0.0
2023-10-03,Combined Maximum Sharpe,combined_max_sharpe,Combined,max_sharpe,Tech,0.17840221221212021
2023-10-03,Combined Maximum Sharpe,combined_max_sharpe,Combined,max_sharpe,Utilities,0.0
2023-11-02,Combined Maximum Sharpe,combined_max_sharpe,Combined,max_sharpe,Comm,0.0999999999999992
2023-11-02,Combined Maximum Sharpe,combined_max_sharpe,Combined,max_sharpe,Consumer,0.09999999999999996
2023-11-02,Combined Maximum Sharpe,combined_max_sharpe,Combined,max_sharpe,Crypto,0.11832654499174759
2023-11-02,Combined Maximum Sharpe,combined_max_sharpe,Combined,max_sharpe,Energy,4.89452084684332e-16
2023-11-02,Combined Maximum Sharpe,combined_max_sharpe,Combined,max_sharpe,Financials,3.538682564502985e-16
2023-11-02,Combined Maximum Sharpe,combined_max_sharpe,Combined,max_sharpe,Healthcare,0.14216876216058083
2023-11-02,Combined Maximum Sharpe,combined_max_sharpe,Combined,max_sharpe,Industrials,0.17410336489635128
2023-11-02,Combined Maximum Sharpe,combined_max_sharpe,Combined,max_sharpe,Materials,0.09999999999999958
2023-11-02,Combined Maximum Sharpe,combined_max_sharpe,Combined,max_sharpe,RealEstate,5.093857731732726e-16
2023-11-02,Combined Maximum Sharpe,combined_max_sharpe,Combined,max_sharpe,Tech,0.20000000000000212
2023-11-02,Combined Maximum Sharpe,combined_max_sharpe,Combined,max_sharpe,Utilities,0.0654013279513177
2023-12-04,Combined Maximum Sharpe,combined_max_sharpe,Combined,max_sharpe,Comm,0.11397538233928574
2023-12-04,Combined Maximum Sharpe,combined_max_sharpe,Combined,max_sharpe,Consumer,0.038389385251562436
2023-12-04,Combined Maximum Sharpe,combined_max_sharpe,Combined,max_sharpe,Crypto,0.15665628574205392
2023-12-04,Combined Maximum Sharpe,combined_max_sharpe,Combined,max_sharpe,Energy,1.578440614796391e-16
2023-12-04,Combined Maximum Sharpe,combined_max_sharpe,Combined,max_sharpe,Financials,0.09999999999999983
2023-12-04,Combined Maximum Sharpe,combined_max_sharpe,Combined,max_sharpe,Healthcare,0.03748396286194215
2023-12-04,Combined Maximum Sharpe,combined_max_sharpe,Combined,max_sharpe,Industrials,0.15349498380515542
2023-12-04,Combined Maximum Sharpe,combined_max_sharpe,Combined,max_sharpe,Materials,4.387314424696623e-18
2023-12-04,Combined Maximum Sharpe,combined_max_sharpe,Combined,max_sharpe,RealEstate,3.35634764290863e-16
2023-12-04,Combined Maximum Sharpe,combined_max_sharpe,Combined,max_sharpe,Tech,0.29999999999999943
2023-12-04,Combined Maximum Sharpe,combined_max_sharpe,Combined,max_sharpe,Utilities,0.09999999999999985
2021-01-05,Combined Minimum Variance,combined_min_variance,Combined,min_variance,Comm,0.11045415529736288
2021-01-05,Combined Minimum Variance,combined_min_variance,Combined,min_variance,Consumer,0.2361548965638555
2021-01-05,Combined Minimum Variance,combined_min_variance,Combined,min_variance,Crypto,2.3841351504472986e-16
2021-01-05,Combined Minimum Variance,combined_min_variance,Combined,min_variance,Energy,4.4539088080182806e-17
2021-01-05,Combined Minimum Variance,combined_min_variance,Combined,min_variance,Financials,1.8999559910852893e-16
2021-01-05,Combined Minimum Variance,combined_min_variance,Combined,min_variance,Healthcare,0.34829458962122656
2021-01-05,Combined Minimum Variance,combined_min_variance,Combined,min_variance,Industrials,0.09172132321054863
2021-01-05,Combined Minimum Variance,combined_min_variance,Combined,min_variance,Materials,0.1370939705672398
2021-01-05,Combined Minimum Variance,combined_min_variance,Combined,min_variance,RealEstate,0.07628106473976529
2021-01-05,Combined Minimum Variance,combined_min_variance,Combined,min_variance,Tech,2.3924700566252314e-16
2021-01-05,Combined Minimum Variance,combined_min_variance,Combined,min_variance,Utilities,2.0491184293120823e-16
2021-02-02,Combined Minimum Variance,combined_min_variance,Combined,min_variance,Comm,0.11830535743115383
2021-02-02,Combined Minimum Variance,combined_min_variance,Combined,min_variance,Consumer,0.2280274174787955
2021-02-02,Combined Minimum Variance,combined_min_variance,Combined,min_variance,Crypto,2.2642155403715484e-16
2021-02-02,Combined Minimum Variance,combined_min_variance,Combined,min_variance,Energy,1.8097737036307946e-16
2021-02-02,Combined Minimum Variance,combined_min_variance,Combined,min_variance,Financials,6.749750504645484e-17
2021-02-02,Combined Minimum Variance,combined_min_variance,Combined,min_variance,Healthcare,0.3362029372465299
2021-02-02,Combined Minimum Variance,combined_min_variance,Combined,min_variance,Industrials,0.10765269092440348
2021-02-02,Combined Minimum Variance,combined_min_variance,Combined,min_variance,Materials,0.1281886572679598
2021-02-02,Combined Minimum Variance,combined_min_variance,Combined,min_variance,RealEstate,0.08162293965115645
2021-02-02,Combined Minimum Variance,combined_min_variance,Combined,min_variance,Tech,7.040042326791699e-17
2021-02-02,Combined Minimum Variance,combined_min_variance,Combined,min_variance,Utilities,2.4723701092481117e-16
2021-03-02,Combined Minimum Variance,combined_min_variance,Combined,min_variance,Comm,0.10792300955523663
2021-03-02,Combined Minimum Variance,combined_min_variance,Combined,min_variance,Consumer,0.2096589992969991
2021-03-02,Combined Minimum Variance,combined_min_variance,Combined,min_variance,Crypto,1.6449871143918955e-16
2021-03-02,Combined Minimum Variance,combined_min_variance,Combined,min_variance,Energy,2.1548588192876795e-16
2021-03-02,Combined Minimum Variance,combined_min_variance,Combined,min_variance,Financials,1.1289522946597045e-16
2021-03-02,Combined Minimum Variance,combined_min_variance,Combined,min_variance,Healthcare,0.334514185284742
2021-03-02,Combined Minimum Variance,combined_min_variance,Combined,min_variance,Industrials,0.09869920094728027
2021-03-02,Combined Minimum Variance,combined_min_variance,Combined,min_variance,Materials,0.13212441381736711
2021-03-02,Combined Minimum Variance,combined_min_variance,Combined,min_variance,RealEstate,0.11708019109837405
2021-03-02,Combined Minimum Variance,combined_min_variance,Combined,min_variance,Tech,1.0970049118815848e-16
2021-03-02,Combined Minimum Variance,combined_min_variance,Combined,min_variance,Utilities,3.3643708553320004e-17
2021-04-05,Combined Minimum Variance,combined_min_variance,Combined,min_variance,Comm,0.25631928947463567
2021-04-05,Combined Minimum Variance,combined_min_variance,Combined,min_variance,Consumer,0.2307967019198477
2021-04-05,Combined Minimum Variance,combined_min_variance,Combined,min_variance,Crypto,0.014798429415988735
2021-04-05,Combined Minimum Variance,combined_min_variance,Combined,min_variance,Energy,3.7114472083046283e-17
2021-04-05,Combined Minimum Variance,combined_min_variance,Combined,min_variance,Financials,2.60506372519885e-17
2021-04-05,Combined Minimum Variance,combined_min_variance,Combined,min_variance,Healthcare,0.20949067993500523
2021-04-05,Combined Minimum Variance,combined_min_variance,Combined,min_variance,Industrials,0.10685058022305234
2021-04-05,Combined Minimum Variance,combined_min_variance,Combined,min_variance,Materials,1.1475712093734858e-16
2021-04-05,Combined Minimum Variance,combined_min_variance,Combined,min_variance,RealEstate,0.12089581373950666
2021-04-05,Combined Minimum Variance,combined_min_variance,Combined,min_variance,Tech,3.822940099450071e-17
2021-04-05,Combined Minimum Variance,combined_min_variance,Combined,min_variance,Utilities,0.0608485052919628
2021-05-04,Combined Minimum Variance,combined_min_variance,Combined,min_variance,Comm,0.2372121801893611
2021-05-04,Combined Minimum Variance,combined_min_variance,Combined,min_variance,Consumer,0.22384258045729533
2021-05-04,Combined Minimum Variance,combined_min_variance,Combined,min_variance,Crypto,0.01544681265509746
2021-05-04,Combined Minimum Variance,combined_min_variance,Combined,min_variance,Energy,8.790159881966844e-17
2021-05-04,Combined Minimum Variance,combined_min_variance,Combined,min_variance,Financials,7.981036458168669e-17
2021-05-04,Combined Minimum Variance,combined_min_variance,Combined,min_variance,Healthcare,0.2360218263527933
2021-05-04,Combined Minimum Variance,combined_min_variance,Combined,min_variance,Industrials,0.07392714590409422
2021-05-04,Combined Minimum Variance,combined_min_variance,Combined,min_variance,Materials,0.0
2021-05-04,Combined Minimum Variance,combined_min_variance,Combined,min_variance,RealEstate,0.061574707725837424
2021-05-04,Combined Minimum Variance,combined_min_variance,Combined,min_variance,Tech,3.984290939322167e-17
2021-05-04,Combined Minimum Variance,combined_min_variance,Combined,min_variance,Utilities,0.1519747467155206
2021-06-02,Combined Minimum Variance,combined_min_variance,Combined,min_variance,Comm,0.2361437281973853
2021-06-02,Combined Minimum Variance,combined_min_variance,Combined,min_variance,Consumer,0.2059735414843529
2021-06-02,Combined Minimum Variance,combined_min_variance,Combined,min_variance,Crypto,0.004194823252782989
2021-06-02,Combined Minimum Variance,combined_min_variance,Combined,min_variance,Energy,3.3961998380617846e-17
2021-06-02,Combined Minimum Variance,combined_min_variance,Combined,min_variance,Financials,9.922979396102756e-18
2021-06-02,Combined Minimum Variance,combined_min_variance,Combined,min_variance,Healthcare,0.22467082795723953
2021-06-02,Combined Minimum Variance,combined_min_variance,Combined,min_variance,Industrials,0.08642672012862396
2021-06-02,Combined Minimum Variance,combined_min_variance,Combined,min_variance,Materials,9.997294647560049e-18
2021-06-02,Combined Minimum Variance,combined_min_variance,Combined,min_variance,RealEstate,0.08771810217519263
2021-06-02,Combined Minimum Variance,combined_min_variance,Combined,min_variance,Tech,2.623671011189229e-17
2021-06-02,Combined Minimum Variance,combined_min_variance,Combined,min_variance,Utilities,0.15487225680442201
2021-07-02,Combined Minimum Variance,combined_min_variance,Combined,min_variance,Comm,0.2408484891583792
2021-07-02,Combined Minimum Variance,combined_min_variance,Combined,min_variance,Consumer,0.1732404989349673
2021-07-02,Combined Minimum Variance,combined_min_variance,Combined,min_variance,Crypto,0.007378575681095669
2021-07-02,Combined Minimum Variance,combined_min_variance,Combined,min_variance,Energy,5.143044762682634e-18
2021-07-02,Combined Minimum Variance,combined_min_variance,Combined,min_variance,Financials,0.020067306260946213
2021-07-02,Combined Minimum Variance,combined_min_variance,Combined,min_variance,Healthcare,0.20201972341956154
2021-07-02,Combined Minimum Variance,combined_min_variance,Combined,min_variance,Industrials,0.09760209274212642
2021-07-02,Combined Minimum Variance,combined_min_variance,Combined,min_variance,Materials,2.64814452645161e-17
2021-07-02,Combined Minimum Variance,combined_min_variance,Combined,min_variance,RealEstate,0.1557051415960371
2021-07-02,Combined Minimum Variance,combined_min_variance,Combined,min_variance,Tech,0.005730281942115528
2021-07-02,Combined Minimum Variance,combined_min_variance,Combined,min_variance,Utilities,0.0974078902647702
2021-08-03,Combined Minimum Variance,combined_min_variance,Combined,min_variance,Comm,0.2463388506294323
2021-08-03,Combined Minimum Variance,combined_min_variance,Combined,min_variance,Consumer,0.1672956653021131
2021-08-03,Combined Minimum Variance,combined_min_variance,Combined,min_variance,Crypto,0.007019638641132494
2021-08-03,Combined Minimum Variance,combined_min_variance,Combined,min_variance,Energy,2.4993405496109203e-17
2021-08-03,Combined Minimum Variance,combined_min_variance,Combined,min_variance,Financials,0.023060843837736815
2021-08-03,Combined Minimum Variance,combined_min_variance,Combined,min_variance,Healthcare,0.2059515130625067
2021-08-03,Combined Minimum Variance,combined_min_variance,Combined,min_variance,Industrials,0.08933768463724617
2021-08-03,Combined Minimum Variance,combined_min_variance,Combined,min_variance,Materials,4.5875912953328486e-17
2021-08-03,Combined Minimum Variance,combined_min_variance,Combined,min_variance,RealEstate,0.1690408066914877
2021-08-03,Combined Minimum Variance,combined_min_variance,Combined,min_variance,Tech,0.00039953084660464304
2021-08-03,Combined Minimum Variance,combined_min_variance,Combined,min_variance,Utilities,0.09155546635173893
2021-09-02,Combined Minimum Variance,combined_min_variance,Combined,min_variance,Comm,0.247100108163972
2021-09-02,Combined Minimum Variance,combined_min_variance,Combined,min_variance,Consumer,0.1620096279214659
2021-09-02,Combined Minimum Variance,combined_min_variance,Combined,min_variance,Crypto,0.0074008716417432695
2021-09-02,Combined Minimum Variance,combined_min_variance,Combined,min_variance,Energy,1.818065673223704e-17
2021-09-02,Combined Minimum Variance,combined_min_variance,Combined,min_variance,Financials,0.03067376520894831
2021-09-02,Combined Minimum Variance,combined_min_variance,Combined,min_variance,Healthcare,0.1781436463768924
2021-09-02,Combined Minimum Variance,combined_min_variance,Combined,min_variance,Industrials,0.08069776247471121
2021-09-02,Combined Minimum Variance,combined_min_variance,Combined,min_variance,Materials,5.611510047934336e-17
2021-09-02,Combined Minimum Variance,combined_min_variance,Combined,min_variance,RealEstate,0.18373607850425194
2021-09-02,Combined Minimum Variance,combined_min_variance,Combined,min_variance,Tech,0.00950939040916981
2021-09-02,Combined Minimum Variance,combined_min_variance,Combined,min_variance,Utilities,0.1007287492988444
2021-10-04,Combined Minimum Variance,combined_min_variance,Combined,min_variance,Comm,0.22075674395031403
2021-10-04,Combined Minimum Variance,combined_min_variance,Combined,min_variance,Consumer,0.1562940804383518
2021-10-04,Combined Minimum Variance,combined_min_variance,Combined,min_variance,Crypto,7.562224413659517e-17
2021-10-04,Combined Minimum Variance,combined_min_variance,Combined,min_variance,Energy,0.00451516676525382
2021-10-04,Combined Minimum Variance,combined_min_variance,Combined,min_variance,Financials,0.0441503973676237
2021-10-04,Combined Minimum Variance,combined_min_variance,Combined,min_variance,Healthcare,0.18562478008121552
2021-10-04,Combined Minimum Variance,combined_min_variance,Combined,min_variance,Industrials,0.08285962823983321
2021-10-04,Combined Minimum Variance,combined_min_variance,Combined,min_variance,Materials,0.0008488856608953
2021-10-04,Combined Minimum Variance,combined_min_variance,Combined,min_variance,RealEstate,0.1854636447300287
2021-10-04,Combined Minimum Variance,combined_min_variance,Combined,min_variance,Tech,0.021730249248430308
2021-10-04,Combined Minimum Variance,combined_min_variance,Combined,min_variance,Utilities,0.0977564235180528
2021-11-02,Combined Minimum Variance,combined_min_variance,Combined,min_variance,Comm,0.19100136973137932
2021-11-02,Combined Minimum Variance,combined_min_variance,Combined,min_variance,Consumer,0.1850909283469819
2021-11-02,Combined Minimum Variance,combined_min_variance,Combined,min_variance,Crypto,6.197105338748042e-17
2021-11-02,Combined Minimum Variance,combined_min_variance,Combined,min_variance,Energy,0.004838348083325317
2021-11-02,Combined Minimum Variance,combined_min_variance,Combined,min_variance,Financials,0.0629534499105083
2021-11-02,Combined Minimum Variance,combined_min_variance,Combined,min_variance,Healthcare,0.1896591104553465
2021-11-02,Combined Minimum Variance,combined_min_variance,Combined,min_variance,Industrials,0.07080817541309431
2021-11-02,Combined Minimum Variance,combined_min_variance,Combined,min_variance,Materials,0.0012070437568794197
2021-11-02,Combined Minimum Variance,combined_min_variance,Combined,min_variance,RealEstate,0.1579267146363375
2021-11-02,Combined Minimum Variance,combined_min_variance,Combined,min_variance,Tech,0.03532358853467524
2021-11-02,Combined Minimum Variance,combined_min_variance,Combined,min_variance,Utilities,0.1011912711314712
2021-12-02,Combined Minimum Variance,combined_min_variance,Combined,min_variance,Comm,0.177974984628253
2021-12-02,Combined Minimum Variance,combined_min_variance,Combined,min_variance,Consumer,0.1624320301421708
2021-12-02,Combined Minimum Variance,combined_min_variance,Combined,min_variance,Crypto,5.514085421996796e-17
2021-12-02,Combined Minimum Variance,combined_min_variance,Combined,min_variance,Energy,0.026301667230156416
2021-12-02,Combined Minimum Variance,combined_min_variance,Combined,min_variance,Financials,0.05158082756519212
2021-12-02,Combined Minimum Variance,combined_min_variance,Combined,min_variance,Healthcare,0.1819239021419789
2021-12-02,Combined Minimum Variance,combined_min_variance,Combined,min_variance,Industrials,0.06370863932309771
2021-12-02,Combined Minimum Variance,combined_min_variance,Combined,min_variance,Materials,0.041760540739588424
2021-12-02,Combined Minimum Variance,combined_min_variance,Combined,min_variance,RealEstate,0.1316382825215867
2021-12-02,Combined Minimum Variance,combined_min_variance,Combined,min_variance,Tech,0.03209974660400542
2021-12-02,Combined Minimum Variance,combined_min_variance,Combined,min_variance,Utilities,0.13057937910396936
2022-01-04,Combined Minimum Variance,combined_min_variance,Combined,min_variance,Comm,0.1525777959269817
2022-01-04,Combined Minimum Variance,combined_min_variance,Combined,min_variance,Consumer,0.17216210939456542
2022-01-04,Combined Minimum Variance,combined_min_variance,Combined,min_variance,Crypto,1.3489206182685723e-16
2022-01-04,Combined Minimum Variance,combined_min_variance,Combined,min_variance,Energy,0.02192753007910011
2022-01-04,Combined Minimum Variance,combined_min_variance,Combined,min_variance,Financials,0.044654349112890526
2022-01-04,Combined Minimum Variance,combined_min_variance,Combined,min_variance,Healthcare,0.20898154929927312
2022-01-04,Combined Minimum Variance,combined_min_variance,Combined,min_variance,Industrials,0.07970502102374889
2022-01-04,Combined Minimum Variance,combined_min_variance,Combined,min_variance,Materials,0.021553963580852334
2022-01-04,Combined Minimum Variance,combined_min_variance,Combined,min_variance,RealEstate,0.12089159343252603
2022-01-04,Combined Minimum Variance,combined_min_variance,Combined,min_variance,Tech,0.04152154412032522
2022-01-04,Combined Minimum Variance,combined_min_variance,Combined,min_variance,Utilities,0.13602454402973518
2022-02-02,Combined Minimum Variance,combined_min_variance,Combined,min_variance,Comm,0.10371044674219221
2022-02-02,Combined Minimum Variance,combined_min_variance,Combined,min_variance,Consumer,0.17995200360450742
2022-02-02,Combined Minimum Variance,combined_min_variance,Combined,min_variance,Crypto,1.1202450692141206e-16
2022-02-02,Combined Minimum Variance,combined_min_variance,Combined,min_variance,Energy,0.07630201413430811
2022-02-02,Combined Minimum Variance,combined_min_variance,Combined,min_variance,Financials,0.023696584742437417
2022-02-02,Combined Minimum Variance,combined_min_variance,Combined,min_variance,Healthcare,0.21452308926206853
2022-02-02,Combined Minimum Variance,combined_min_variance,Combined,min_variance,Industrials,0.036177173389272906
2022-02-02,Combined Minimum Variance,combined_min_variance,Combined,min_variance,Materials,0.02419333467016392
2022-02-02,Combined Minimum Variance,combined_min_variance,Combined,min_variance,RealEstate,0.11278654514279902
2022-02-02,Combined Minimum Variance,combined_min_variance,Combined,min_variance,Tech,0.029122820638937216
2022-02-02,Combined Minimum Variance,combined_min_variance,Combined,min_variance,Utilities,0.19953598767331174
2022-03-02,Combined Minimum Variance,combined_min_variance,Combined,min_variance,Comm,0.10863728683453722
2022-03-02,Combined Minimum Variance,combined_min_variance,Combined,min_variance,Consumer,0.3109912940647294
2022-03-02,Combined Minimum Variance,combined_min_variance,Combined,min_variance,Crypto,9.537489155385434e-05
2022-03-02,Combined Minimum Variance,combined_min_variance,Combined,min_variance,Energy,0.062713114065682
2022-03-02,Combined Minimum Variance,combined_min_variance,Combined,min_variance,Financials,0.012196338092684299
2022-03-02,Combined Minimum Variance,combined_min_variance,Combined,min_variance,Healthcare,0.23583898983923401
2022-03-02,Combined Minimum Variance,combined_min_variance,Combined,min_variance,Industrials,0.02507795062543683
2022-03-02,Combined Minimum Variance,combined_min_variance,Combined,min_variance,Materials,0.021573962226748625
2022-03-02,Combined Minimum Variance,combined_min_variance,Combined,min_variance,RealEstate,0.0750352999413612
2022-03-02,Combined Minimum Variance,combined_min_variance,Combined,min_variance,Tech,0.01011404712900126
2022-03-02,Combined Minimum Variance,combined_min_variance,Combined,min_variance,Utilities,0.13772634228903052
2022-04-04,Combined Minimum Variance,combined_min_variance,Combined,min_variance,Comm,0.1228681880575214
2022-04-04,Combined Minimum Variance,combined_min_variance,Combined,min_variance,Consumer,0.26623575527072174
2022-04-04,Combined Minimum Variance,combined_min_variance,Combined,min_variance,Crypto,0.0008310195721627937
2022-04-04,Combined Minimum Variance,combined_min_variance,Combined,min_variance,Energy,0.08604801640019011
2022-04-04,Combined Minimum Variance,combined_min_variance,Combined,min_variance,Financials,9.8800266539548e-18
2022-04-04,Combined Minimum Variance,combined_min_variance,Combined,min_variance,Healthcare,0.2386076666890919
2022-04-04,Combined Minimum Variance,combined_min_variance,Combined,min_variance,Industrials,0.027987021665584717
2022-04-04,Combined Minimum Variance,combined_min_variance,Combined,min_variance,Materials,0.04352389783604389
2022-04-04,Combined Minimum Variance,combined_min_variance,Combined,min_variance,RealEstate,0.056587810973099166
2022-04-04,Combined Minimum Variance,combined_min_variance,Combined,min_variance,Tech,0.0143369161214673
2022-04-04,Combined Minimum Variance,combined_min_variance,Combined,min_variance,Utilities,0.1429737074141157
2022-05-03,Combined Minimum Variance,combined_min_variance,Combined,min_variance,Comm,0.132818009004864
2022-05-03,Combined Minimum Variance,combined_min_variance,Combined,min_variance,Consumer,0.257752689802334
2022-05-03,Combined Minimum Variance,combined_min_variance,Combined,min_variance,Crypto,7.079050848817499e-17
2022-05-03,Combined Minimum Variance,combined_min_variance,Combined,min_variance,Energy,0.0645870167480774
2022-05-03,Combined Minimum Variance,combined_min_variance,Combined,min_variance,Financials,8.945758913127014e-18
2022-05-03,Combined Minimum Variance,combined_min_variance,Combined,min_variance,Healthcare,0.21195941480016528
2022-05-03,Combined Minimum Variance,combined_min_variance,Combined,min_variance,Industrials,0.0431082607088159
2022-05-03,Combined Minimum Variance,combined_min_variance,Combined,min_variance,Materials,0.116174459007412
2022-05-03,Combined Minimum Variance,combined_min_variance,Combined,min_variance,RealEstate,5.769424955197085e-17
2022-05-03,Combined Minimum Variance,combined_min_variance,Combined,min_variance,Tech,0.016337278314096714
2022-05-03,Combined Minimum Variance,combined_min_variance,Combined,min_variance,Utilities,0.1572628716142337
2022-06-02,Combined Minimum Variance,combined_min_variance,Combined,min_variance,Comm,0.11905638421285286
2022-06-02,Combined Minimum Variance,combined_min_variance,Combined,min_variance,Consumer,0.14107389298150835
2022-06-02,Combined Minimum Variance,combined_min_variance,Combined,min_variance,Crypto,0.010207328294125741
2022-06-02,Combined Minimum Variance,combined_min_variance,Combined,min_variance,Energy,0.034738754062885145
2022-06-02,Combined Minimum Variance,combined_min_variance,Combined,min_variance,Financials,4.425845013510661e-17
2022-06-02,Combined Minimum Variance,combined_min_variance,Combined,min_variance,Healthcare,0.3431715831418485
2022-06-02,Combined Minimum Variance,combined_min_variance,Combined,min_variance,Industrials,0.019384926541480763
2022-06-02,Combined Minimum Variance,combined_min_variance,Combined,min_variance,Materials,0.11567487773300612
2022-06-02,Combined Minimum Variance,combined_min_variance,Combined,min_variance,RealEstate,7.307065747408644e-17
2022-06-02,Combined Minimum Variance,combined_min_variance,Combined,min_variance,Tech,0.0010865089624396032
2022-06-02,Combined Minimum Variance,combined_min_variance,Combined,min_variance,Utilities,0.21560574406985236
2022-07-05,Combined Minimum Variance,combined_min_variance,Combined,min_variance,Comm,0.11861965627332384
2022-07-05,Combined Minimum Variance,combined_min_variance,Combined,min_variance,Consumer,0.1936595363811737
2022-07-05,Combined Minimum Variance,combined_min_variance,Combined,min_variance,Crypto,1.4036218615732837e-16
2022-07-05,Combined Minimum Variance,combined_min_variance,Combined,min_variance,Energy,0.04727846662698202
2022-07-05,Combined Minimum Variance,combined_min_variance,Combined,min_variance,Financials,4.4509540356439673e-17
2022-07-05,Combined Minimum Variance,combined_min_variance,Combined,min_variance,Healthcare,0.35051873427533864
2022-07-05,Combined Minimum Variance,combined_min_variance,Combined,min_variance,Industrials,0.019142453269697518
2022-07-05,Combined Minimum Variance,combined_min_variance,Combined,min_variance,Materials,0.08902194558087453
2022-07-05,Combined Minimum Variance,combined_min_variance,Combined,min_variance,RealEstate,1.965751570180739e-17
2022-07-05,Combined Minimum Variance,combined_min_variance,Combined,min_variance,Tech,1.4713623284409957e-16
2022-07-05,Combined Minimum Variance,combined_min_variance,Combined,min_variance,Utilities,0.18175920759260872
2022-08-02,Combined Minimum Variance,combined_min_variance,Combined,min_variance,Comm,0.12295572003803475
2022-08-02,Combined Minimum Variance,combined_min_variance,Combined,min_variance,Consumer,0.18699445114005842
2022-08-02,Combined Minimum Variance,combined_min_variance,Combined,min_variance,Crypto,1.2723509479030008e-16
2022-08-02,Combined Minimum Variance,combined_min_variance,Combined,min_variance,Energy,0.04802889878807261
2022-08-02,Combined Minimum Variance,combined_min_variance,Combined,min_variance,Financials,3.7141742408210615e-17
2022-08-02,Combined Minimum Variance,combined_min_variance,Combined,min_variance,Healthcare,0.3606677990115991
2022-08-02,Combined Minimum Variance,combined_min_variance,Combined,min_variance,Industrials,0.032104598868822505
2022-08-02,Combined Minimum Variance,combined_min_variance,Combined,min_variance,Materials,0.08245723928901778
2022-08-02,Combined Minimum Variance,combined_min_variance,Combined,min_variance,RealEstate,6.654443802839586e-18
2022-08-02,Combined Minimum Variance,combined_min_variance,Combined,min_variance,Tech,4.383274038939942e-17
2022-08-02,Combined Minimum Variance,combined_min_variance,Combined,min_variance,Utilities,0.16679129286439395
2022-09-02,Combined Minimum Variance,combined_min_variance,Combined,min_variance,Comm,0.1140835519407605
2022-09-02,Combined Minimum Variance,combined_min_variance,Combined,min_variance,Consumer,0.1613610276279182
2022-09-02,Combined Minimum Variance,combined_min_variance,Combined,min_variance,Crypto,7.827912835342738e-17
2022-09-02,Combined Minimum Variance,combined_min_variance,Combined,min_variance,Energy,0.07396838696619243
2022-09-02,Combined Minimum Variance,combined_min_variance,Combined,min_variance,Financials,3.3147532903902275e-17
2022-09-02,Combined Minimum Variance,combined_min_variance,Combined,min_variance,Healthcare,0.3946093759665063
2022-09-02,Combined Minimum Variance,combined_min_variance,Combined,min_variance,Industrials,0.004226038952310359
2022-09-02,Combined Minimum Variance,combined_min_variance,Combined,min_variance,Materials,0.08521314486936671
2022-09-02,Combined Minimum Variance,combined_min_variance,Combined,min_variance,RealEstate,0.019062269933358127
2022-09-02,Combined Minimum Variance,combined_min_variance,Combined,min_variance,Tech,6.338597577325279e-17
2022-09-02,Combined Minimum Variance,combined_min_variance,Combined,min_variance,Utilities,0.1474762037435867
2022-10-04,Combined Minimum Variance,combined_min_variance,Combined,min_variance,Comm,0.10832481842927634
2022-10-04,Combined Minimum Variance,combined_min_variance,Combined,min_variance,Consumer,0.17869528275102325
2022-10-04,Combined Minimum Variance,combined_min_variance,Combined,min_variance,Crypto,1.6815719019617848e-16
2022-10-04,Combined Minimum Variance,combined_min_variance,Combined,min_variance,Energy,0.07774410819103351
2022-10-04,Combined Minimum Variance,combined_min_variance,Combined,min_variance,Financials,5.0320971303125155e-17
2022-10-04,Combined Minimum Variance,combined_min_variance,Combined,min_variance,Healthcare,0.4140554945406614
2022-10-04,Combined Minimum Variance,combined_min_variance,Combined,min_variance,Industrials,0.02138999435045554
2022-10-04,Combined Minimum Variance,combined_min_variance,Combined,min_variance,Materials,0.06917485159648482
2022-10-04,Combined Minimum Variance,combined_min_variance,Combined,min_variance,RealEstate,0.0727584940777333
2022-10-04,Combined Minimum Variance,combined_min_variance,Combined,min_variance,Tech,4.2443467823605347e-17
2022-10-04,Combined Minimum Variance,combined_min_variance,Combined,min_variance,Utilities,0.05785695606333092
2022-11-02,Combined Minimum Variance,combined_min_variance,Combined,min_variance,Comm,0.12469075409356592
2022-11-02,Combined Minimum Variance,combined_min_variance,Combined,min_variance,Consumer,0.19175877672996822
2022-11-02,Combined Minimum Variance,combined_min_variance,Combined,min_variance,Crypto,0.0057205397369361755
2022-11-02,Combined Minimum Variance,combined_min_variance,Combined,min_variance,Energy,0.07048777618851082
2022-11-02,Combined Minimum Variance,combined_min_variance,Combined,min_variance,Financials,5.4683100226092384e-17
2022-11-02,Combined Minimum Variance,combined_min_variance,Combined,min_variance,Healthcare,0.4343447945538267
2022-11-02,Combined Minimum Variance,combined_min_variance,Combined,min_variance,Industrials,0.014406397552907136
2022-11-02,Combined Minimum Variance,combined_min_variance,Combined,min_variance,Materials,0.054860851841811706
2022-11-02,Combined Minimum Variance,combined_min_variance,Combined,min_variance,RealEstate,0.08022601157316264
2022-11-02,Combined Minimum Variance,combined_min_variance,Combined,min_variance,Tech,4.1710900899166995e-17
2022-11-02,Combined Minimum Variance,combined_min_variance,Combined,min_variance,Utilities,0.02350409772931021
2022-12-02,Combined Minimum Variance,combined_min_variance,Combined,min_variance,Comm,0.142081017852724
2022-12-02,Combined Minimum Variance,combined_min_variance,Combined,min_variance,Consumer,0.20690254639624406
2022-12-02,Combined Minimum Variance,combined_min_variance,Combined,min_variance,Crypto,1.9121044172228784e-16
2022-12-02,Combined Minimum Variance,combined_min_variance,Combined,min_variance,Energy,0.07610328562368027
2022-12-02,Combined Minimum Variance,combined_min_variance,Combined,min_variance,Financials,6.294885292898535e-17
2022-12-02,Combined Minimum Variance,combined_min_variance,Combined,min_variance,Healthcare,0.5007075182717611
2022-12-02,Combined Minimum Variance,combined_min_variance,Combined,min_variance,Industrials,2.434010455410834e-17
2022-12-02,Combined Minimum Variance,combined_min_variance,Combined,min_variance,Materials,0.015206777537235849
2022-12-02,Combined Minimum Variance,combined_min_variance,Combined,min_variance,RealEstate,0.04204780149664566
2022-12-02,Combined Minimum Variance,combined_min_variance,Combined,min_variance,Tech,1.0668566727087942e-16
2022-12-02,Combined Minimum Variance,combined_min_variance,Combined,min_variance,Utilities,0.016951052821708033
2023-01-04,Combined Minimum Variance,combined_min_variance,Combined,min_variance,Comm,0.1429688265026196
2023-01-04,Combined Minimum Variance,combined_min_variance,Combined,min_variance,Consumer,0.19849694186284164
2023-01-04,Combined Minimum Variance,combined_min_variance,Combined,min_variance,Crypto,0.0026357460959405793
2023-01-04,Combined Minimum Variance,combined_min_variance,Combined,min_variance,Energy,0.060384913446389
2023-01-04,Combined Minimum Variance,combined_min_variance,Combined,min_variance,Financials,6.269228497002581e-17
2023-01-04,Combined Minimum Variance,combined_min_variance,Combined,min_variance,Healthcare,0.48602203299958247
2023-01-04,Combined Minimum Variance,combined_min_variance,Combined,min_variance,Industrials,1.149536709455782e-16
2023-01-04,Combined Minimum Variance,combined_min_variance,Combined,min_variance,Materials,0.01452371868118081
2023-01-04,Combined Minimum Variance,combined_min_variance,Combined,min_variance,RealEstate,0.060008553312848815
2023-01-04,Combined Minimum Variance,combined_min_variance,Combined,min_variance,Tech,7.114787168530142e-17
2023-01-04,Combined Minimum Variance,combined_min_variance,Combined,min_variance,Utilities,0.03495926709859582
2023-02-02,Combined Minimum Variance,combined_min_variance,Combined,min_variance,Comm,0.18391536042293852
2023-02-02,Combined Minimum Variance,combined_min_variance,Combined,min_variance,Consumer,0.17741926875090658
2023-02-02,Combined Minimum Variance,combined_min_variance,Combined,min_variance,Crypto,0.0048160990213742625
2023-02-02,Combined Minimum Variance,combined_min_variance,Combined,min_variance,Energy,0.057547936254019764
2023-02-02,Combined Minimum Variance,combined_min_variance,Combined,min_variance,Financials,4.7008132584106984e-17
2023-02-02,Combined Minimum Variance,combined_min_variance,Combined,min_variance,Healthcare,0.4562682282461096
2023-02-02,Combined Minimum Variance,combined_min_variance,Combined,min_variance,Industrials,5.092157948110602e-17
2023-02-02,Combined Minimum Variance,combined_min_variance,Combined,min_variance,Materials,0.006559782561874113
2023-02-02,Combined Minimum Variance,combined_min_variance,Combined,min_variance,RealEstate,0.07211520758511664
2023-02-02,Combined Minimum Variance,combined_min_variance,Combined,min_variance,Tech,6.357460262050682e-17
2023-02-02,Combined Minimum Variance,combined_min_variance,Combined,min_variance,Utilities,0.041358117157659725
2023-03-02,Combined Minimum Variance,combined_min_variance,Combined,min_variance,Comm,0.16511276041714051
2023-03-02,Combined Minimum Variance,combined_min_variance,Combined,min_variance,Consumer,0.17830898048090207
2023-03-02,Combined Minimum Variance,combined_min_variance,Combined,min_variance,Crypto,2.280706029444975e-16
2023-03-02,Combined Minimum Variance,combined_min_variance,Combined,min_variance,Energy,0.06097401389085349
2023-03-02,Combined Minimum Variance,combined_min_variance,Combined,min_variance,Financials,3.581469900289471e-17
2023-03-02,Combined Minimum Variance,combined_min_variance,Combined,min_variance,Healthcare,0.45508084103351365
2023-03-02,Combined Minimum Variance,combined_min_variance,Combined,min_variance,Industrials,3.0378786500553784e-18
2023-03-02,Combined Minimum Variance,combined_min_variance,Combined,min_variance,Materials,0.0009367762437086039
2023-03-02,Combined Minimum Variance,combined_min_variance,Combined,min_variance,RealEstate,0.08649952971385579
2023-03-02,Combined Minimum Variance,combined_min_variance,Combined,min_variance,Tech,1.2300440918590575e-16
2023-03-02,Combined Minimum Variance,combined_min_variance,Combined,min_variance,Utilities,0.053087098220025
2023-04-04,Combined Minimum Variance,combined_min_variance,Combined,min_variance,Comm,0.1799711762164306
2023-04-04,Combined Minimum Variance,combined_min_variance,Combined,min_variance,Consumer,0.2400183445070685
2023-04-04,Combined Minimum Variance,combined_min_variance,Combined,min_variance,Crypto,1.5870262571793577e-16
2023-04-04,Combined Minimum Variance,combined_min_variance,Combined,min_variance,Energy,0.04189807479582807
2023-04-04,Combined Minimum Variance,combined_min_variance,Combined,min_variance,Financials,2.9781811015421136e-17
2023-04-04,Combined Minimum Variance,combined_min_variance,Combined,min_variance,Healthcare,0.4350162556149745
2023-04-04,Combined Minimum Variance,combined_min_variance,Combined,min_variance,Industrials,1.6258139672242346e-17
2023-04-04,Combined Minimum Variance,combined_min_variance,Combined,min_variance,Materials,0.005548563870341375
2023-04-04,Combined Minimum Variance,combined_min_variance,Combined,min_variance,RealEstate,0.07280194436580886
2023-04-04,Combined Minimum Variance,combined_min_variance,Combined,min_variance,Tech,8.291615349466064e-17
2023-04-04,Combined Minimum Variance,combined_min_variance,Combined,min_variance,Utilities,0.02474564062954751
2023-05-02,Combined Minimum Variance,combined_min_variance,Combined,min_variance,Comm,0.1374198109804449
2023-05-02,Combined Minimum Variance,combined_min_variance,Combined,min_variance,Consumer,0.27374560875659976
2023-05-02,Combined Minimum Variance,combined_min_variance,Combined,min_variance,Crypto,5.866020141941131e-17
2023-05-02,Combined Minimum Variance,combined_min_variance,Combined,min_variance,Energy,0.04164225064200103
2023-05-02,Combined Minimum Variance,combined_min_variance,Combined,min_variance,Financials,4.914638793671451e-17
2023-05-02,Combined Minimum Variance,combined_min_variance,Combined,min_variance,Healthcare,0.43302787357335876
2023-05-02,Combined Minimum Variance,combined_min_variance,Combined,min_variance,Industrials,5.445988848229719e-17
2023-05-02,Combined Minimum Variance,combined_min_variance,Combined,min_variance,Materials,0.004394625313788436
2023-05-02,Combined Minimum Variance,combined_min_variance,Combined,min_variance,RealEstate,0.1025396827442818
2023-05-02,Combined Minimum Variance,combined_min_variance,Combined,min_variance,Tech,5.578164377926519e-17
2023-05-02,Combined Minimum Variance,combined_min_variance,Combined,min_variance,Utilities,0.0072301479895246325
2023-06-02,Combined Minimum Variance,combined_min_variance,Combined,min_variance,Comm,0.14839142850358272
2023-06-02,Combined Minimum Variance,combined_min_variance,Combined,min_variance,Consumer,0.4393235899546071
2023-06-02,Combined Minimum Variance,combined_min_variance,Combined,min_variance,Crypto,2.660299958791791e-16
2023-06-02,Combined Minimum Variance,combined_min_variance,Combined,min_variance,Energy,0.03993115535584372
2023-06-02,Combined Minimum Variance,combined_min_variance,Combined,min_variance,Financials,1.9440755660877383e-18
2023-06-02,Combined Minimum Variance,combined_min_variance,Combined,min_variance,Healthcare,0.2875760705070822
2023-06-02,Combined Minimum Variance,combined_min_variance,Combined,min_variance,Industrials,3.6479721726028035e-17
2023-06-02,Combined Minimum Variance,combined_min_variance,Combined,min_variance,Materials,7.53190484878405e-17
2023-06-02,Combined Minimum Variance,combined_min_variance,Combined,min_variance,RealEstate,0.08477775567888367
2023-06-02,Combined Minimum Variance,combined_min_variance,Combined,min_variance,Tech,1.3685275557171282e-17
2023-06-02,Combined Minimum Variance,combined_min_variance,Combined,min_variance,Utilities,3.315836762956564e-17
2023-07-05,Combined Minimum Variance,combined_min_variance,Combined,min_variance,Comm,0.1959422715606849
2023-07-05,Combined Minimum Variance,combined_min_variance,Combined,min_variance,Consumer,0.36577776106567
2023-07-05,Combined Minimum Variance,combined_min_variance,Combined,min_variance,Crypto,0.025156343853081544
2023-07-05,Combined Minimum Variance,combined_min_variance,Combined,min_variance,Energy,0.0279972413782718
2023-07-05,Combined Minimum Variance,combined_min_variance,Combined,min_variance,Financials,2.0211397200832354e-17
2023-07-05,Combined Minimum Variance,combined_min_variance,Combined,min_variance,Healthcare,0.2730204736274098
2023-07-05,Combined Minimum Variance,combined_min_variance,Combined,min_variance,Industrials,4.5791574495919226e-17
2023-07-05,Combined Minimum Variance,combined_min_variance,Combined,min_variance,Materials,2.000948816526869e-17
2023-07-05,Combined Minimum Variance,combined_min_variance,Combined,min_variance,RealEstate,0.11210590851488113
2023-07-05,Combined Minimum Variance,combined_min_variance,Combined,min_variance,Tech,9.518749383010829e-17
2023-07-05,Combined Minimum Variance,combined_min_variance,Combined,min_variance,Utilities,1.7894901684326983e-17
2023-08-02,Combined Minimum Variance,combined_min_variance,Combined,min_variance,Comm,0.1976709972541319
2023-08-02,Combined Minimum Variance,combined_min_variance,Combined,min_variance,Consumer,0.365238191214935
2023-08-02,Combined Minimum Variance,combined_min_variance,Combined,min_variance,Crypto,0.023999085906796412
2023-08-02,Combined Minimum Variance,combined_min_variance,Combined,min_variance,Energy,0.035689377528928756
2023-08-02,Combined Minimum Variance,combined_min_variance,Combined,min_variance,Financials,0.0021254850295360722
2023-08-02,Combined Minimum Variance,combined_min_variance,Combined,min_variance,Healthcare,0.25872838910259943
2023-08-02,Combined Minimum Variance,combined_min_variance,Combined,min_variance,Industrials,5.229771501346511e-18
2023-08-02,Combined Minimum Variance,combined_min_variance,Combined,min_variance,Materials,6.453170296546667e-17
2023-08-02,Combined Minimum Variance,combined_min_variance,Combined,min_variance,RealEstate,0.11654847396307173
2023-08-02,Combined Minimum Variance,combined_min_variance,Combined,min_variance,Tech,6.74194582465284e-17
2023-08-02,Combined Minimum Variance,combined_min_variance,Combined,min_variance,Utilities,0.0
2023-09-05,Combined Minimum Variance,combined_min_variance,Combined,min_variance,Comm,0.16024761215920263
2023-09-05,Combined Minimum Variance,combined_min_variance,Combined,min_variance,Consumer,0.4330149170654354
2023-09-05,Combined Minimum Variance,combined_min_variance,Combined,min_variance,Crypto,0.021913504869404923
2023-09-05,Combined Minimum Variance,combined_min_variance,Combined,min_variance,Energy,0.03389247315442091
2023-09-05,Combined Minimum Variance,combined_min_variance,Combined,min_variance,Financials,0.011525063378185875
2023-09-05,Combined Minimum Variance,combined_min_variance,Combined,min_variance,Healthcare,0.24996562022749036
2023-09-05,Combined Minimum Variance,combined_min_variance,Combined,min_variance,Industrials,7.201784502282316e-05
2023-09-05,Combined Minimum Variance,combined_min_variance,Combined,min_variance,Materials,5.262546710921399e-17
2023-09-05,Combined Minimum Variance,combined_min_variance,Combined,min_variance,RealEstate,0.08936879130083643
2023-09-05,Combined Minimum Variance,combined_min_variance,Combined,min_variance,Tech,1.0588863808288607e-16
2023-09-05,Combined Minimum Variance,combined_min_variance,Combined,min_variance,Utilities,4.8328748315138064e-17
2023-10-03,Combined Minimum Variance,combined_min_variance,Combined,min_variance,Comm,0.1813460304589213
2023-10-03,Combined Minimum Variance,combined_min_variance,Combined,min_variance,Consumer,0.4385956396505074
2023-10-03,Combined Minimum Variance,combined_min_variance,Combined,min_variance,Crypto,0.025847435203570156
2023-10-03,Combined Minimum Variance,combined_min_variance,Combined,min_variance,Energy,0.04690775239982521
2023-10-03,Combined Minimum Variance,combined_min_variance,Combined,min_variance,Financials,0.023334112368477895
2023-10-03,Combined Minimum Variance,combined_min_variance,Combined,min_variance,Healthcare,0.21829928020438244
2023-10-03,Combined Minimum Variance,combined_min_variance,Combined,min_variance,Industrials,0.008331484449203185
2023-10-03,Combined Minimum Variance,combined_min_variance,Combined,min_variance,Materials,5.640251215159421e-17
2023-10-03,Combined Minimum Variance,combined_min_variance,Combined,min_variance,RealEstate,0.05733826526511181
2023-10-03,Combined Minimum Variance,combined_min_variance,Combined,min_variance,Tech,3.837116376306479e-17
2023-10-03,Combined Minimum Variance,combined_min_variance,Combined,min_variance,Utilities,8.516810930093525e-17
2023-11-02,Combined Minimum Variance,combined_min_variance,Combined,min_variance,Comm,0.1706056264963903
2023-11-02,Combined Minimum Variance,combined_min_variance,Combined,min_variance,Consumer,0.37335017318291497
2023-11-02,Combined Minimum Variance,combined_min_variance,Combined,min_variance,Crypto,0.004747306176267413
2023-11-02,Combined Minimum Variance,combined_min_variance,Combined,min_variance,Energy,0.04687888528572894
2023-11-02,Combined Minimum Variance,combined_min_variance,Combined,min_variance,Financials,0.044147326977830005
2023-11-02,Combined Minimum Variance,combined_min_variance,Combined,min_variance,Healthcare,0.2306778172523097
2023-11-02,Combined Minimum Variance,combined_min_variance,Combined,min_variance,Industrials,0.008118975557390043
2023-11-02,Combined Minimum Variance,combined_min_variance,Combined,min_variance,Materials,0.018187871686729553
2023-11-02,Combined Minimum Variance,combined_min_variance,Combined,min_variance,RealEstate,0.09950424136057642
2023-11-02,Combined Minimum Variance,combined_min_variance,Combined,min_variance,Tech,0.0037817760238621064
2023-11-02,Combined Minimum Variance,combined_min_variance,Combined,min_variance,Utilities,4.061646687410663e-17
2023-12-04,Combined Minimum Variance,combined_min_variance,Combined,min_variance,Comm,0.14060244041651182
2023-12-04,Combined Minimum Variance,combined_min_variance,Combined,min_variance,Consumer,0.355493087546491
2023-12-04,Combined Minimum Variance,combined_min_variance,Combined,min_variance,Crypto,0.024671948237476645
2023-12-04,Combined Minimum Variance,combined_min_variance,Combined,min_variance,Energy,0.053588741502276514
2023-12-04,Combined Minimum Variance,combined_min_variance,Combined,min_variance,Financials,0.07290996334250155
2023-12-04,Combined Minimum Variance,combined_min_variance,Combined,min_variance,Healthcare,0.218057841260679
2023-12-04,Combined Minimum Variance,combined_min_variance,Combined,min_variance,Industrials,0.013312004362761073
2023-12-04,Combined Minimum Variance,combined_min_variance,Combined,min_variance,Materials,0.012692884351271356
2023-12-04,Combined Minimum Variance,combined_min_variance,Combined,min_variance,RealEstate,0.08476465086367081
2023-12-04,Combined Minimum Variance,combined_min_variance,Combined,min_variance,Tech,0.021852490728470727
2023-12-04,Combined Minimum Variance,combined_min_variance,Combined,min_variance,Utilities,0.0020539473878884345
2021-01-05,Sentiment-Tilted Equal Weight,combined_sentiment_tilt,Combined,sentiment_tilt,Comm,0.0796749700135755
2021-01-05,Sentiment-Tilted Equal Weight,combined_sentiment_tilt,Combined,sentiment_tilt,Consumer,0.08270267993105
2021-01-05,Sentiment-Tilted Equal Weight,combined_sentiment_tilt,Combined,sentiment_tilt,Crypto,0.16666666666666602
2021-01-05,Sentiment-Tilted Equal Weight,combined_sentiment_tilt,Combined,sentiment_tilt,Energy,0.0817575847174065
2021-01-05,Sentiment-Tilted Equal Weight,combined_sentiment_tilt,Combined,sentiment_tilt,Financials,0.08820372765712349
2021-01-05,Sentiment-Tilted Equal Weight,combined_sentiment_tilt,Combined,sentiment_tilt,Healthcare,0.085539000269371
2021-01-05,Sentiment-Tilted Equal Weight,combined_sentiment_tilt,Combined,sentiment_tilt,Industrials,0.0822750697007485
2021-01-05,Sentiment-Tilted Equal Weight,combined_sentiment_tilt,Combined,sentiment_tilt,Materials,0.0813828203752435
2021-01-05,Sentiment-Tilted Equal Weight,combined_sentiment_tilt,Combined,sentiment_tilt,RealEstate,0.0785018041624805
2021-01-05,Sentiment-Tilted Equal Weight,combined_sentiment_tilt,Combined,sentiment_tilt,Tech,0.087095789173168
2021-01-05,Sentiment-Tilted Equal Weight,combined_sentiment_tilt,Combined,sentiment_tilt,Utilities,0.0861998873331635
2021-02-02,Sentiment-Tilted Equal Weight,combined_sentiment_tilt,Combined,sentiment_tilt,Comm,0.09186779240126
2021-02-02,Sentiment-Tilted Equal Weight,combined_sentiment_tilt,Combined,sentiment_tilt,Consumer,0.07908189703220299
2021-02-02,Sentiment-Tilted Equal Weight,combined_sentiment_tilt,Combined,sentiment_tilt,Crypto,0.16666666666666602
2021-02-02,Sentiment-Tilted Equal Weight,combined_sentiment_tilt,Combined,sentiment_tilt,Energy,0.07991459206224649
2021-02-02,Sentiment-Tilted Equal Weight,combined_sentiment_tilt,Combined,sentiment_tilt,Financials,0.07957742236485099
2021-02-02,Sentiment-Tilted Equal Weight,combined_sentiment_tilt,Combined,sentiment_tilt,Healthcare,0.08499771740558851
2021-02-02,Sentiment-Tilted Equal Weight,combined_sentiment_tilt,Combined,sentiment_tilt,Industrials,0.07451946956035001
2021-02-02,Sentiment-Tilted Equal Weight,combined_sentiment_tilt,Combined,sentiment_tilt,Materials,0.07689465776183349
2021-02-02,Sentiment-Tilted Equal Weight,combined_sentiment_tilt,Combined,sentiment_tilt,RealEstate,0.0840586570114065
2021-02-02,Sentiment-Tilted Equal Weight,combined_sentiment_tilt,Combined,sentiment_tilt,Tech,0.08695062207298901
2021-02-02,Sentiment-Tilted Equal Weight,combined_sentiment_tilt,Combined,sentiment_tilt,Utilities,0.0954705056606025
2021-03-02,Sentiment-Tilted Equal Weight,combined_sentiment_tilt,Combined,sentiment_tilt,Comm,0.0794952417879735
2021-03-02,Sentiment-Tilted Equal Weight,combined_sentiment_tilt,Combined,sentiment_tilt,Consumer,0.08756941387134701
2021-03-02,Sentiment-Tilted Equal Weight,combined_sentiment_tilt,Combined,sentiment_tilt,Crypto,0.16666666666666602
2021-03-02,Sentiment-Tilted Equal Weight,combined_sentiment_tilt,Combined,sentiment_tilt,Energy,0.0885640962835765
2021-03-02,Sentiment-Tilted Equal Weight,combined_sentiment_tilt,Combined,sentiment_tilt,Financials,0.078730382841981
2021-03-02,Sentiment-Tilted Equal Weight,combined_sentiment_tilt,Combined,sentiment_tilt,Healthcare,0.08491413162851749
2021-03-02,Sentiment-Tilted Equal Weight,combined_sentiment_tilt,Combined,sentiment_tilt,Industrials,0.0770731622380335
2021-03-02,Sentiment-Tilted Equal Weight,combined_sentiment_tilt,Combined,sentiment_tilt,Materials,0.07879415878011499
2021-03-02,Sentiment-Tilted Equal Weight,combined_sentiment_tilt,Combined,sentiment_tilt,RealEstate,0.093319753076873
2021-03-02,Sentiment-Tilted Equal Weight,combined_sentiment_tilt,Combined,sentiment_tilt,Tech,0.08375975371656
2021-03-02,Sentiment-Tilted Equal Weight,combined_sentiment_tilt,Combined,sentiment_tilt,Utilities,0.0811132391083535
2021-04-05,Sentiment-Tilted Equal Weight,combined_sentiment_tilt,Combined,sentiment_tilt,Comm,0.0874158411983165
2021-04-05,Sentiment-Tilted Equal Weight,combined_sentiment_tilt,Combined,sentiment_tilt,Consumer,0.0848334549404675
2021-04-05,Sentiment-Tilted Equal Weight,combined_sentiment_tilt,Combined,sentiment_tilt,Crypto,0.16666666666666602
2021-04-05,Sentiment-Tilted Equal Weight,combined_sentiment_tilt,Combined,sentiment_tilt,Energy,0.071563830263769
2021-04-05,Sentiment-Tilted Equal Weight,combined_sentiment_tilt,Combined,sentiment_tilt,Financials,0.0902775769437565
2021-04-05,Sentiment-Tilted Equal Weight,combined_sentiment_tilt,Combined,sentiment_tilt,Healthcare,0.084696512067255
2021-04-05,Sentiment-Tilted Equal Weight,combined_sentiment_tilt,Combined,sentiment_tilt,Industrials,0.0884032621961125
2021-04-05,Sentiment-Tilted Equal Weight,combined_sentiment_tilt,Combined,sentiment_tilt,Materials,0.0838425754364345
2021-04-05,Sentiment-Tilted Equal Weight,combined_sentiment_tilt,Combined,sentiment_tilt,RealEstate,0.07150933258973499
2021-04-05,Sentiment-Tilted Equal Weight,combined_sentiment_tilt,Combined,sentiment_tilt,Tech,0.083993387269001
2021-04-05,Sentiment-Tilted Equal Weight,combined_sentiment_tilt,Combined,sentiment_tilt,Utilities,0.0867975604284835
2021-05-04,Sentiment-Tilted Equal Weight,combined_sentiment_tilt,Combined,sentiment_tilt,Comm,0.08337399033957599
2021-05-04,Sentiment-Tilted Equal Weight,combined_sentiment_tilt,Combined,sentiment_tilt,Consumer,0.08039588203430399
2021-05-04,Sentiment-Tilted Equal Weight,combined_sentiment_tilt,Combined,sentiment_tilt,Crypto,0.16666666666666602
2021-05-04,Sentiment-Tilted Equal Weight,combined_sentiment_tilt,Combined,sentiment_tilt,Energy,0.08194239213954599
2021-05-04,Sentiment-Tilted Equal Weight,combined_sentiment_tilt,Combined,sentiment_tilt,Financials,0.08606214149177749
2021-05-04,Sentiment-Tilted Equal Weight,combined_sentiment_tilt,Combined,sentiment_tilt,Healthcare,0.0853259784401865
2021-05-04,Sentiment-Tilted Equal Weight,combined_sentiment_tilt,Combined,sentiment_tilt,Industrials,0.0784794433401345
2021-05-04,Sentiment-Tilted Equal Weight,combined_sentiment_tilt,Combined,sentiment_tilt,Materials,0.0790857845031865
2021-05-04,Sentiment-Tilted Equal Weight,combined_sentiment_tilt,Combined,sentiment_tilt,RealEstate,0.0891445230236595
2021-05-04,Sentiment-Tilted Equal Weight,combined_sentiment_tilt,Combined,sentiment_tilt,Tech,0.07923619303722348
2021-05-04,Sentiment-Tilted Equal Weight,combined_sentiment_tilt,Combined,sentiment_tilt,Utilities,0.0902870049837365
2021-06-02,Sentiment-Tilted Equal Weight,combined_sentiment_tilt,Combined,sentiment_tilt,Comm,0.0912511582936225
2021-06-02,Sentiment-Tilted Equal Weight,combined_sentiment_tilt,Combined,sentiment_tilt,Consumer,0.086612526163173
2021-06-02,Sentiment-Tilted Equal Weight,combined_sentiment_tilt,Combined,sentiment_tilt,Crypto,0.16666666666666602
2021-06-02,Sentiment-Tilted Equal Weight,combined_sentiment_tilt,Combined,sentiment_tilt,Energy,0.0796992495055425
2021-06-02,Sentiment-Tilted Equal Weight,combined_sentiment_tilt,Combined,sentiment_tilt,Financials,0.080195973627971
2021-06-02,Sentiment-Tilted Equal Weight,combined_sentiment_tilt,Combined,sentiment_tilt,Healthcare,0.0826431248438585
2021-06-02,Sentiment-Tilted Equal Weight,combined_sentiment_tilt,Combined,sentiment_tilt,Industrials,0.083245319469858
2021-06-02,Sentiment-Tilted Equal Weight,combined_sentiment_tilt,Combined,sentiment_tilt,Materials,0.083970621060638
2021-06-02,Sentiment-Tilted Equal Weight,combined_sentiment_tilt,Combined,sentiment_tilt,RealEstate,0.08152555517973001
2021-06-02,Sentiment-Tilted Equal Weight,combined_sentiment_tilt,Combined,sentiment_tilt,Tech,0.08005800599701501
2021-06-02,Sentiment-Tilted Equal Weight,combined_sentiment_tilt,Combined,sentiment_tilt,Utilities,0.0841317991919225
2021-07-02,Sentiment-Tilted Equal Weight,combined_sentiment_tilt,Combined,sentiment_tilt,Comm,0.0833467821092965
2021-07-02,Sentiment-Tilted Equal Weight,combined_sentiment_tilt,Combined,sentiment_tilt,Consumer,0.080236403967412
2021-07-02,Sentiment-Tilted Equal Weight,combined_sentiment_tilt,Combined,sentiment_tilt,Crypto,0.16666666666666602
2021-07-02,Sentiment-Tilted Equal Weight,combined_sentiment_tilt,Combined,sentiment_tilt,Energy,0.079871419861574
2021-07-02,Sentiment-Tilted Equal Weight,combined_sentiment_tilt,Combined,sentiment_tilt,Financials,0.083409699936789
2021-07-02,Sentiment-Tilted Equal Weight,combined_sentiment_tilt,Combined,sentiment_tilt,Healthcare,0.0819640208405765
2021-07-02,Sentiment-Tilted Equal Weight,combined_sentiment_tilt,Combined,sentiment_tilt,Industrials,0.086312158724554
2021-07-02,Sentiment-Tilted Equal Weight,combined_sentiment_tilt,Combined,sentiment_tilt,Materials,0.078889734087447
2021-07-02,Sentiment-Tilted Equal Weight,combined_sentiment_tilt,Combined,sentiment_tilt,RealEstate,0.0953334159842035
2021-07-02,Sentiment-Tilted Equal Weight,combined_sentiment_tilt,Combined,sentiment_tilt,Tech,0.0824406815607815
2021-07-02,Sentiment-Tilted Equal Weight,combined_sentiment_tilt,Combined,sentiment_tilt,Utilities,0.0815290162606965
2021-08-03,Sentiment-Tilted Equal Weight,combined_sentiment_tilt,Combined,sentiment_tilt,Comm,0.08130085659880601
2021-08-03,Sentiment-Tilted Equal Weight,combined_sentiment_tilt,Combined,sentiment_tilt,Consumer,0.09011759899596
2021-08-03,Sentiment-Tilted Equal Weight,combined_sentiment_tilt,Combined,sentiment_tilt,Crypto,0.16666666666666602
2021-08-03,Sentiment-Tilted Equal Weight,combined_sentiment_tilt,Combined,sentiment_tilt,Energy,0.08092967281508001
2021-08-03,Sentiment-Tilted Equal Weight,combined_sentiment_tilt,Combined,sentiment_tilt,Financials,0.092310936684702
2021-08-03,Sentiment-Tilted Equal Weight,combined_sentiment_tilt,Combined,sentiment_tilt,Healthcare,0.0861273695649675
2021-08-03,Sentiment-Tilted Equal Weight,combined_sentiment_tilt,Combined,sentiment_tilt,Industrials,0.08477735114137
2021-08-03,Sentiment-Tilted Equal Weight,combined_sentiment_tilt,Combined,sentiment_tilt,Materials,0.0793254867180945
2021-08-03,Sentiment-Tilted Equal Weight,combined_sentiment_tilt,Combined,sentiment_tilt,RealEstate,0.0817032681824695
2021-08-03,Sentiment-Tilted Equal Weight,combined_sentiment_tilt,Combined,sentiment_tilt,Tech,0.083579557277505
2021-08-03,Sentiment-Tilted Equal Weight,combined_sentiment_tilt,Combined,sentiment_tilt,Utilities,0.073161235354376
2021-09-02,Sentiment-Tilted Equal Weight,combined_sentiment_tilt,Combined,sentiment_tilt,Comm,0.08025935198092801
2021-09-02,Sentiment-Tilted Equal Weight,combined_sentiment_tilt,Combined,sentiment_tilt,Consumer,0.09020673428418301
2021-09-02,Sentiment-Tilted Equal Weight,combined_sentiment_tilt,Combined,sentiment_tilt,Crypto,0.16666666666666602
2021-09-02,Sentiment-Tilted Equal Weight,combined_sentiment_tilt,Combined,sentiment_tilt,Energy,0.0771110594659165
2021-09-02,Sentiment-Tilted Equal Weight,combined_sentiment_tilt,Combined,sentiment_tilt,Financials,0.084333266525385
2021-09-02,Sentiment-Tilted Equal Weight,combined_sentiment_tilt,Combined,sentiment_tilt,Healthcare,0.08383574214659449
2021-09-02,Sentiment-Tilted Equal Weight,combined_sentiment_tilt,Combined,sentiment_tilt,Industrials,0.08025935198092801
2021-09-02,Sentiment-Tilted Equal Weight,combined_sentiment_tilt,Combined,sentiment_tilt,Materials,0.08025935198092801
2021-09-02,Sentiment-Tilted Equal Weight,combined_sentiment_tilt,Combined,sentiment_tilt,RealEstate,0.0912227794615225
2021-09-02,Sentiment-Tilted Equal Weight,combined_sentiment_tilt,Combined,sentiment_tilt,Tech,0.07863187067687001
2021-09-02,Sentiment-Tilted Equal Weight,combined_sentiment_tilt,Combined,sentiment_tilt,Utilities,0.0872138248300755
2021-10-04,Sentiment-Tilted Equal Weight,combined_sentiment_tilt,Combined,sentiment_tilt,Comm,0.08758343241132249
2021-10-04,Sentiment-Tilted Equal Weight,combined_sentiment_tilt,Combined,sentiment_tilt,Consumer,0.0869833468043215
2021-10-04,Sentiment-Tilted Equal Weight,combined_sentiment_tilt,Combined,sentiment_tilt,Crypto,0.16666666666666602
2021-10-04,Sentiment-Tilted Equal Weight,combined_sentiment_tilt,Combined,sentiment_tilt,Energy,0.0888128494614515
2021-10-04,Sentiment-Tilted Equal Weight,combined_sentiment_tilt,Combined,sentiment_tilt,Financials,0.0879913851178505
2021-10-04,Sentiment-Tilted Equal Weight,combined_sentiment_tilt,Combined,sentiment_tilt,Healthcare,0.0833479280785855
2021-10-04,Sentiment-Tilted Equal Weight,combined_sentiment_tilt,Combined,sentiment_tilt,Industrials,0.0877814693120095
2021-10-04,Sentiment-Tilted Equal Weight,combined_sentiment_tilt,Combined,sentiment_tilt,Materials,0.07941329350854649
2021-10-04,Sentiment-Tilted Equal Weight,combined_sentiment_tilt,Combined,sentiment_tilt,RealEstate,0.07941329350854649
2021-10-04,Sentiment-Tilted Equal Weight,combined_sentiment_tilt,Combined,sentiment_tilt,Tech,0.0725930416221515
2021-10-04,Sentiment-Tilted Equal Weight,combined_sentiment_tilt,Combined,sentiment_tilt,Utilities,0.07941329350854649
2021-11-02,Sentiment-Tilted Equal Weight,combined_sentiment_tilt,Combined,sentiment_tilt,Comm,0.082017735249295
2021-11-02,Sentiment-Tilted Equal Weight,combined_sentiment_tilt,Combined,sentiment_tilt,Consumer,0.0812680335803455
2021-11-02,Sentiment-Tilted Equal Weight,combined_sentiment_tilt,Combined,sentiment_tilt,Crypto,0.16666666666666602
2021-11-02,Sentiment-Tilted Equal Weight,combined_sentiment_tilt,Combined,sentiment_tilt,Energy,0.081239433052801
2021-11-02,Sentiment-Tilted Equal Weight,combined_sentiment_tilt,Combined,sentiment_tilt,Financials,0.08597164373204401
2021-11-02,Sentiment-Tilted Equal Weight,combined_sentiment_tilt,Combined,sentiment_tilt,Healthcare,0.0880752193598135
2021-11-02,Sentiment-Tilted Equal Weight,combined_sentiment_tilt,Combined,sentiment_tilt,Industrials,0.085287881498967
2021-11-02,Sentiment-Tilted Equal Weight,combined_sentiment_tilt,Combined,sentiment_tilt,Materials,0.07710335985080399
2021-11-02,Sentiment-Tilted Equal Weight,combined_sentiment_tilt,Combined,sentiment_tilt,RealEstate,0.07710335985080399
2021-11-02,Sentiment-Tilted Equal Weight,combined_sentiment_tilt,Combined,sentiment_tilt,Tech,0.08684453408155501
2021-11-02,Sentiment-Tilted Equal Weight,combined_sentiment_tilt,Combined,sentiment_tilt,Utilities,0.088422133076902
2021-12-02,Sentiment-Tilted Equal Weight,combined_sentiment_tilt,Combined,sentiment_tilt,Comm,0.09348935467983349
2021-12-02,Sentiment-Tilted Equal Weight,combined_sentiment_tilt,Combined,sentiment_tilt,Consumer,0.080084784166004
2021-12-02,Sentiment-Tilted Equal Weight,combined_sentiment_tilt,Combined,sentiment_tilt,Crypto,0.16666666666666602
2021-12-02,Sentiment-Tilted Equal Weight,combined_sentiment_tilt,Combined,sentiment_tilt,Energy,0.0925022143664205
2021-12-02,Sentiment-Tilted Equal Weight,combined_sentiment_tilt,Combined,sentiment_tilt,Financials,0.0822141967776175
2021-12-02,Sentiment-Tilted Equal Weight,combined_sentiment_tilt,Combined,sentiment_tilt,Healthcare,0.07880013512544949
2021-12-02,Sentiment-Tilted Equal Weight,combined_sentiment_tilt,Combined,sentiment_tilt,Industrials,0.0774084644542695
2021-12-02,Sentiment-Tilted Equal Weight,combined_sentiment_tilt,Combined,sentiment_tilt,Materials,0.075121005764859
2021-12-02,Sentiment-Tilted Equal Weight,combined_sentiment_tilt,Combined,sentiment_tilt,RealEstate,0.087679425209884
2021-12-02,Sentiment-Tilted Equal Weight,combined_sentiment_tilt,Combined,sentiment_tilt,Tech,0.08067516967292601
2021-12-02,Sentiment-Tilted Equal Weight,combined_sentiment_tilt,Combined,sentiment_tilt,Utilities,0.08535858311606749
2022-01-04,Sentiment-Tilted Equal Weight,combined_sentiment_tilt,Combined,sentiment_tilt,Comm,0.0856164343355195
2022-01-04,Sentiment-Tilted Equal Weight,combined_sentiment_tilt,Combined,sentiment_tilt,Consumer,0.079753167313591
2022-01-04,Sentiment-Tilted Equal Weight,combined_sentiment_tilt,Combined,sentiment_tilt,Crypto,0.16666666666666602
2022-01-04,Sentiment-Tilted Equal Weight,combined_sentiment_tilt,Combined,sentiment_tilt,Energy,0.08042101795853751
2022-01-04,Sentiment-Tilted Equal Weight,combined_sentiment_tilt,Combined,sentiment_tilt,Financials,0.08095112158095699
2022-01-04,Sentiment-Tilted Equal Weight,combined_sentiment_tilt,Combined,sentiment_tilt,Healthcare,0.084573965305064
2022-01-04,Sentiment-Tilted Equal Weight,combined_sentiment_tilt,Combined,sentiment_tilt,Industrials,0.087182135436842
2022-01-04,Sentiment-Tilted Equal Weight,combined_sentiment_tilt,Combined,sentiment_tilt,Materials,0.0816289649136715
2022-01-04,Sentiment-Tilted Equal Weight,combined_sentiment_tilt,Combined,sentiment_tilt,RealEstate,0.08182321321796601
2022-01-04,Sentiment-Tilted Equal Weight,combined_sentiment_tilt,Combined,sentiment_tilt,Tech,0.0907527846415855
2022-01-04,Sentiment-Tilted Equal Weight,combined_sentiment_tilt,Combined,sentiment_tilt,Utilities,0.08063052862959749
2022-02-02,Sentiment-Tilted Equal Weight,combined_sentiment_tilt,Combined,sentiment_tilt,Comm,0.080450892481706
2022-02-02,Sentiment-Tilted Equal Weight,combined_sentiment_tilt,Combined,sentiment_tilt,Consumer,0.075935397559441
2022-02-02,Sentiment-Tilted Equal Weight,combined_sentiment_tilt,Combined,sentiment_tilt,Crypto,0.16666666666666602
2022-02-02,Sentiment-Tilted Equal Weight,combined_sentiment_tilt,Combined,sentiment_tilt,Energy,0.08269016796484399
2022-02-02,Sentiment-Tilted Equal Weight,combined_sentiment_tilt,Combined,sentiment_tilt,Financials,0.081985158860474
2022-02-02,Sentiment-Tilted Equal Weight,combined_sentiment_tilt,Combined,sentiment_tilt,Healthcare,0.082448282590335
2022-02-02,Sentiment-Tilted Equal Weight,combined_sentiment_tilt,Combined,sentiment_tilt,Industrials,0.078642878118792
2022-02-02,Sentiment-Tilted Equal Weight,combined_sentiment_tilt,Combined,sentiment_tilt,Materials,0.0829975271339215
2022-02-02,Sentiment-Tilted Equal Weight,combined_sentiment_tilt,Combined,sentiment_tilt,RealEstate,0.0902870468931175
2022-02-02,Sentiment-Tilted Equal Weight,combined_sentiment_tilt,Combined,sentiment_tilt,Tech,0.084008827956719
2022-02-02,Sentiment-Tilted Equal Weight,combined_sentiment_tilt,Combined,sentiment_tilt,Utilities,0.09388715377398
2022-03-02,Sentiment-Tilted Equal Weight,combined_sentiment_tilt,Combined,sentiment_tilt,Comm,0.0824282694608795
2022-03-02,Sentiment-Tilted Equal Weight,combined_sentiment_tilt,Combined,sentiment_tilt,Consumer,0.0806901110856395
2022-03-02,Sentiment-Tilted Equal Weight,combined_sentiment_tilt,Combined,sentiment_tilt,Crypto,0.16666666666666602
2022-03-02,Sentiment-Tilted Equal Weight,combined_sentiment_tilt,Combined,sentiment_tilt,Energy,0.08248166187429551
2022-03-02,Sentiment-Tilted Equal Weight,combined_sentiment_tilt,Combined,sentiment_tilt,Financials,0.0753745399776365
2022-03-02,Sentiment-Tilted Equal Weight,combined_sentiment_tilt,Combined,sentiment_tilt,Healthcare,0.084553006836847
2022-03-02,Sentiment-Tilted Equal Weight,combined_sentiment_tilt,Combined,sentiment_tilt,Industrials,0.08619675801795601
2022-03-02,Sentiment-Tilted Equal Weight,combined_sentiment_tilt,Combined,sentiment_tilt,Materials,0.08706495364555601
2022-03-02,Sentiment-Tilted Equal Weight,combined_sentiment_tilt,Combined,sentiment_tilt,RealEstate,0.08226578993721151
2022-03-02,Sentiment-Tilted Equal Weight,combined_sentiment_tilt,Combined,sentiment_tilt,Tech,0.0875525259445635
2022-03-02,Sentiment-Tilted Equal Weight,combined_sentiment_tilt,Combined,sentiment_tilt,Utilities,0.084725716552746
2022-04-04,Sentiment-Tilted Equal Weight,combined_sentiment_tilt,Combined,sentiment_tilt,Comm,0.07831802244462199
2022-04-04,Sentiment-Tilted Equal Weight,combined_sentiment_tilt,Combined,sentiment_tilt,Consumer,0.07727582118470999
2022-04-04,Sentiment-Tilted Equal Weight,combined_sentiment_tilt,Combined,sentiment_tilt,Crypto,0.16666666666666602
2022-04-04,Sentiment-Tilted Equal Weight,combined_sentiment_tilt,Combined,sentiment_tilt,Energy,0.082999868938486
2022-04-04,Sentiment-Tilted Equal Weight,combined_sentiment_tilt,Combined,sentiment_tilt,Financials,0.0819993840354915
2022-04-04,Sentiment-Tilted Equal Weight,combined_sentiment_tilt,Combined,sentiment_tilt,Healthcare,0.088381286254503
2022-04-04,Sentiment-Tilted Equal Weight,combined_sentiment_tilt,Combined,sentiment_tilt,Industrials,0.07430029058198699
2022-04-04,Sentiment-Tilted Equal Weight,combined_sentiment_tilt,Combined,sentiment_tilt,Materials,0.08851891686458051
2022-04-04,Sentiment-Tilted Equal Weight,combined_sentiment_tilt,Combined,sentiment_tilt,RealEstate,0.0904648386694855
2022-04-04,Sentiment-Tilted Equal Weight,combined_sentiment_tilt,Combined,sentiment_tilt,Tech,0.07982183211504099
2022-04-04,Sentiment-Tilted Equal Weight,combined_sentiment_tilt,Combined,sentiment_tilt,Utilities,0.0912530722444245
2022-05-03,Sentiment-Tilted Equal Weight,combined_sentiment_tilt,Combined,sentiment_tilt,Comm,0.0830470816346715
2022-05-03,Sentiment-Tilted Equal Weight,combined_sentiment_tilt,Combined,sentiment_tilt,Consumer,0.082864744174813
2022-05-03,Sentiment-Tilted Equal Weight,combined_sentiment_tilt,Combined,sentiment_tilt,Crypto,0.16666666666666602
2022-05-03,Sentiment-Tilted Equal Weight,combined_sentiment_tilt,Combined,sentiment_tilt,Energy,0.085469503125134
2022-05-03,Sentiment-Tilted Equal Weight,combined_sentiment_tilt,Combined,sentiment_tilt,Financials,0.08488299308684799
2022-05-03,Sentiment-Tilted Equal Weight,combined_sentiment_tilt,Combined,sentiment_tilt,Healthcare,0.08713942264722249
2022-05-03,Sentiment-Tilted Equal Weight,combined_sentiment_tilt,Combined,sentiment_tilt,Industrials,0.08076267363414351
2022-05-03,Sentiment-Tilted Equal Weight,combined_sentiment_tilt,Combined,sentiment_tilt,Materials,0.07827961805619499
2022-05-03,Sentiment-Tilted Equal Weight,combined_sentiment_tilt,Combined,sentiment_tilt,RealEstate,0.0849412135527775
2022-05-03,Sentiment-Tilted Equal Weight,combined_sentiment_tilt,Combined,sentiment_tilt,Tech,0.0800710810026915
2022-05-03,Sentiment-Tilted Equal Weight,combined_sentiment_tilt,Combined,sentiment_tilt,Utilities,0.0858750024188345
2022-06-02,Sentiment-Tilted Equal Weight,combined_sentiment_tilt,Combined,sentiment_tilt,Comm,0.084316017967525
2022-06-02,Sentiment-Tilted Equal Weight,combined_sentiment_tilt,Combined,sentiment_tilt,Consumer,0.0744061790001095
2022-06-02,Sentiment-Tilted Equal Weight,combined_sentiment_tilt,Combined,sentiment_tilt,Crypto,0.16666666666666602
2022-06-02,Sentiment-Tilted Equal Weight,combined_sentiment_tilt,Combined,sentiment_tilt,Energy,0.084683605030878
2022-06-02,Sentiment-Tilted Equal Weight,combined_sentiment_tilt,Combined,sentiment_tilt,Financials,0.0815973511606715
2022-06-02,Sentiment-Tilted Equal Weight,combined_sentiment_tilt,Combined,sentiment_tilt,Healthcare,0.0793594864998585
2022-06-02,Sentiment-Tilted Equal Weight,combined_sentiment_tilt,Combined,sentiment_tilt,Industrials,0.08575236270755149
2022-06-02,Sentiment-Tilted Equal Weight,combined_sentiment_tilt,Combined,sentiment_tilt,Materials,0.0803965029127695
2022-06-02,Sentiment-Tilted Equal Weight,combined_sentiment_tilt,Combined,sentiment_tilt,RealEstate,0.085739032717431
2022-06-02,Sentiment-Tilted Equal Weight,combined_sentiment_tilt,Combined,sentiment_tilt,Tech,0.08386048619707201
2022-06-02,Sentiment-Tilted Equal Weight,combined_sentiment_tilt,Combined,sentiment_tilt,Utilities,0.093222309139465
2022-07-05,Sentiment-Tilted Equal Weight,combined_sentiment_tilt,Combined,sentiment_tilt,Comm,0.093445979869112
2022-07-05,Sentiment-Tilted Equal Weight,combined_sentiment_tilt,Combined,sentiment_tilt,Consumer,0.081205045485473
2022-07-05,Sentiment-Tilted Equal Weight,combined_sentiment_tilt,Combined,sentiment_tilt,Crypto,0.16666666666666602
2022-07-05,Sentiment-Tilted Equal Weight,combined_sentiment_tilt,Combined,sentiment_tilt,Energy,0.08700245382556202
2022-07-05,Sentiment-Tilted Equal Weight,combined_sentiment_tilt,Combined,sentiment_tilt,Financials,0.0808736909936505
2022-07-05,Sentiment-Tilted Equal Weight,combined_sentiment_tilt,Combined,sentiment_tilt,Healthcare,0.080213662113037
2022-07-05,Sentiment-Tilted Equal Weight,combined_sentiment_tilt,Combined,sentiment_tilt,Industrials,0.08152966482254101
2022-07-05,Sentiment-Tilted Equal Weight,combined_sentiment_tilt,Combined,sentiment_tilt,Materials,0.08602376953506999
2022-07-05,Sentiment-Tilted Equal Weight,combined_sentiment_tilt,Combined,sentiment_tilt,RealEstate,0.0819632459352615
2022-07-05,Sentiment-Tilted Equal Weight,combined_sentiment_tilt,Combined,sentiment_tilt,Tech,0.08506754041338399
2022-07-05,Sentiment-Tilted Equal Weight,combined_sentiment_tilt,Combined,sentiment_tilt,Utilities,0.07600828034024
2022-08-02,Sentiment-Tilted Equal Weight,combined_sentiment_tilt,Combined,sentiment_tilt,Comm,0.0802016809523315
2022-08-02,Sentiment-Tilted Equal Weight,combined_sentiment_tilt,Combined,sentiment_tilt,Consumer,0.0828519350203035
2022-08-02,Sentiment-Tilted Equal Weight,combined_sentiment_tilt,Combined,sentiment_tilt,Crypto,0.16666666666666602
2022-08-02,Sentiment-Tilted Equal Weight,combined_sentiment_tilt,Combined,sentiment_tilt,Energy,0.080238144006424
2022-08-02,Sentiment-Tilted Equal Weight,combined_sentiment_tilt,Combined,sentiment_tilt,Financials,0.085289806359665
2022-08-02,Sentiment-Tilted Equal Weight,combined_sentiment_tilt,Combined,sentiment_tilt,Healthcare,0.081913496360145
2022-08-02,Sentiment-Tilted Equal Weight,combined_sentiment_tilt,Combined,sentiment_tilt,Industrials,0.086541168578416
2022-08-02,Sentiment-Tilted Equal Weight,combined_sentiment_tilt,Combined,sentiment_tilt,Materials,0.07801206117285
2022-08-02,Sentiment-Tilted Equal Weight,combined_sentiment_tilt,Combined,sentiment_tilt,RealEstate,0.088343295949047
2022-08-02,Sentiment-Tilted Equal Weight,combined_sentiment_tilt,Combined,sentiment_tilt,Tech,0.0860319719366315
2022-08-02,Sentiment-Tilted Equal Weight,combined_sentiment_tilt,Combined,sentiment_tilt,Utilities,0.0839097729975175
2022-09-02,Sentiment-Tilted Equal Weight,combined_sentiment_tilt,Combined,sentiment_tilt,Comm,0.07871561834756499
2022-09-02,Sentiment-Tilted Equal Weight,combined_sentiment_tilt,Combined,sentiment_tilt,Consumer,0.0833652533928585
2022-09-02,Sentiment-Tilted Equal Weight,combined_sentiment_tilt,Combined,sentiment_tilt,Crypto,0.16666666666666602
2022-09-02,Sentiment-Tilted Equal Weight,combined_sentiment_tilt,Combined,sentiment_tilt,Energy,0.08322463338451601
2022-09-02,Sentiment-Tilted Equal Weight,combined_sentiment_tilt,Combined,sentiment_tilt,Financials,0.087568246282987
2022-09-02,Sentiment-Tilted Equal Weight,combined_sentiment_tilt,Combined,sentiment_tilt,Healthcare,0.0812890388209905
2022-09-02,Sentiment-Tilted Equal Weight,combined_sentiment_tilt,Combined,sentiment_tilt,Industrials,0.08560526515915251
2022-09-02,Sentiment-Tilted Equal Weight,combined_sentiment_tilt,Combined,sentiment_tilt,Materials,0.08514372361318251
2022-09-02,Sentiment-Tilted Equal Weight,combined_sentiment_tilt,Combined,sentiment_tilt,RealEstate,0.089953750552445
2022-09-02,Sentiment-Tilted Equal Weight,combined_sentiment_tilt,Combined,sentiment_tilt,Tech,0.077184979712064
2022-09-02,Sentiment-Tilted Equal Weight,combined_sentiment_tilt,Combined,sentiment_tilt,Utilities,0.0812828240675695
2022-10-04,Sentiment-Tilted Equal Weight,combined_sentiment_tilt,Combined,sentiment_tilt,Comm,0.0853870621432625
2022-10-04,Sentiment-Tilted Equal Weight,combined_sentiment_tilt,Combined,sentiment_tilt,Consumer,0.0805015022968855
2022-10-04,Sentiment-Tilted Equal Weight,combined_sentiment_tilt,Combined,sentiment_tilt,Crypto,0.16666666666666602
2022-10-04,Sentiment-Tilted Equal Weight,combined_sentiment_tilt,Combined,sentiment_tilt,Energy,0.0795112497633735
2022-10-04,Sentiment-Tilted Equal Weight,combined_sentiment_tilt,Combined,sentiment_tilt,Financials,0.0867879914442085
2022-10-04,Sentiment-Tilted Equal Weight,combined_sentiment_tilt,Combined,sentiment_tilt,Healthcare,0.0778828675621865
2022-10-04,Sentiment-Tilted Equal Weight,combined_sentiment_tilt,Combined,sentiment_tilt,Industrials,0.084892934221549
2022-10-04,Sentiment-Tilted Equal Weight,combined_sentiment_tilt,Combined,sentiment_tilt,Materials,0.0805637838130855
2022-10-04,Sentiment-Tilted Equal Weight,combined_sentiment_tilt,Combined,sentiment_tilt,RealEstate,0.09077047383380099
2022-10-04,Sentiment-Tilted Equal Weight,combined_sentiment_tilt,Combined,sentiment_tilt,Tech,0.087835598207278
2022-10-04,Sentiment-Tilted Equal Weight,combined_sentiment_tilt,Combined,sentiment_tilt,Utilities,0.07919987004770149
2022-11-02,Sentiment-Tilted Equal Weight,combined_sentiment_tilt,Combined,sentiment_tilt,Comm,0.08448852074919799
2022-11-02,Sentiment-Tilted Equal Weight,combined_sentiment_tilt,Combined,sentiment_tilt,Consumer,0.0811378649257475
2022-11-02,Sentiment-Tilted Equal Weight,combined_sentiment_tilt,Combined,sentiment_tilt,Crypto,0.16666666666666602
2022-11-02,Sentiment-Tilted Equal Weight,combined_sentiment_tilt,Combined,sentiment_tilt,Energy,0.083108792327143
2022-11-02,Sentiment-Tilted Equal Weight,combined_sentiment_tilt,Combined,sentiment_tilt,Financials,0.08079630235437399
2022-11-02,Sentiment-Tilted Equal Weight,combined_sentiment_tilt,Combined,sentiment_tilt,Healthcare,0.0842683235441765
2022-11-02,Sentiment-Tilted Equal Weight,combined_sentiment_tilt,Combined,sentiment_tilt,Industrials,0.0833929605279095
2022-11-02,Sentiment-Tilted Equal Weight,combined_sentiment_tilt,Combined,sentiment_tilt,Materials,0.0773606176083345
2022-11-02,Sentiment-Tilted Equal Weight,combined_sentiment_tilt,Combined,sentiment_tilt,RealEstate,0.0805838739139125
2022-11-02,Sentiment-Tilted Equal Weight,combined_sentiment_tilt,Combined,sentiment_tilt,Tech,0.082887393993075
2022-11-02,Sentiment-Tilted Equal Weight,combined_sentiment_tilt,Combined,sentiment_tilt,Utilities,0.0953086833894605
2022-12-02,Sentiment-Tilted Equal Weight,combined_sentiment_tilt,Combined,sentiment_tilt,Comm,0.08106360157098849
2022-12-02,Sentiment-Tilted Equal Weight,combined_sentiment_tilt,Combined,sentiment_tilt,Consumer,0.0832626390640345
2022-12-02,Sentiment-Tilted Equal Weight,combined_sentiment_tilt,Combined,sentiment_tilt,Crypto,0.16666666666666602
2022-12-02,Sentiment-Tilted Equal Weight,combined_sentiment_tilt,Combined,sentiment_tilt,Energy,0.0851637175768655
2022-12-02,Sentiment-Tilted Equal Weight,combined_sentiment_tilt,Combined,sentiment_tilt,Financials,0.074218164244477
2022-12-02,Sentiment-Tilted Equal Weight,combined_sentiment_tilt,Combined,sentiment_tilt,Healthcare,0.082300536069706
2022-12-02,Sentiment-Tilted Equal Weight,combined_sentiment_tilt,Combined,sentiment_tilt,Industrials,0.08837650942691551
2022-12-02,Sentiment-Tilted Equal Weight,combined_sentiment_tilt,Combined,sentiment_tilt,Materials,0.08064004754844549
2022-12-02,Sentiment-Tilted Equal Weight,combined_sentiment_tilt,Combined,sentiment_tilt,RealEstate,0.08716263816103499
2022-12-02,Sentiment-Tilted Equal Weight,combined_sentiment_tilt,Combined,sentiment_tilt,Tech,0.084549464667546
2022-12-02,Sentiment-Tilted Equal Weight,combined_sentiment_tilt,Combined,sentiment_tilt,Utilities,0.0865960150033175
2023-01-04,Sentiment-Tilted Equal Weight,combined_sentiment_tilt,Combined,sentiment_tilt,Comm,0.0784197467432895
2023-01-04,Sentiment-Tilted Equal Weight,combined_sentiment_tilt,Combined,sentiment_tilt,Consumer,0.082019015660285
2023-01-04,Sentiment-Tilted Equal Weight,combined_sentiment_tilt,Combined,sentiment_tilt,Crypto,0.16666666666666602
2023-01-04,Sentiment-Tilted Equal Weight,combined_sentiment_tilt,Combined,sentiment_tilt,Energy,0.089228637369747
2023-01-04,Sentiment-Tilted Equal Weight,combined_sentiment_tilt,Combined,sentiment_tilt,Financials,0.082159791550665
2023-01-04,Sentiment-Tilted Equal Weight,combined_sentiment_tilt,Combined,sentiment_tilt,Healthcare,0.08489099831827249
2023-01-04,Sentiment-Tilted Equal Weight,combined_sentiment_tilt,Combined,sentiment_tilt,Industrials,0.081223091149819
2023-01-04,Sentiment-Tilted Equal Weight,combined_sentiment_tilt,Combined,sentiment_tilt,Materials,0.08316750345776501
2023-01-04,Sentiment-Tilted Equal Weight,combined_sentiment_tilt,Combined,sentiment_tilt,RealEstate,0.086705537747578
2023-01-04,Sentiment-Tilted Equal Weight,combined_sentiment_tilt,Combined,sentiment_tilt,Tech,0.0820417283256335
2023-01-04,Sentiment-Tilted Equal Weight,combined_sentiment_tilt,Combined,sentiment_tilt,Utilities,0.083477283010277
2023-02-02,Sentiment-Tilted Equal Weight,combined_sentiment_tilt,Combined,sentiment_tilt,Comm,0.08254937832918949
2023-02-02,Sentiment-Tilted Equal Weight,combined_sentiment_tilt,Combined,sentiment_tilt,Consumer,0.085819012483552
2023-02-02,Sentiment-Tilted Equal Weight,combined_sentiment_tilt,Combined,sentiment_tilt,Crypto,0.16666666666666602
2023-02-02,Sentiment-Tilted Equal Weight,combined_sentiment_tilt,Combined,sentiment_tilt,Energy,0.07648819333767999
2023-02-02,Sentiment-Tilted Equal Weight,combined_sentiment_tilt,Combined,sentiment_tilt,Financials,0.08166413906176
2023-02-02,Sentiment-Tilted Equal Weight,combined_sentiment_tilt,Combined,sentiment_tilt,Healthcare,0.0869066332816385
2023-02-02,Sentiment-Tilted Equal Weight,combined_sentiment_tilt,Combined,sentiment_tilt,Industrials,0.08554726887414699
2023-02-02,Sentiment-Tilted Equal Weight,combined_sentiment_tilt,Combined,sentiment_tilt,Materials,0.08166413906176
2023-02-02,Sentiment-Tilted Equal Weight,combined_sentiment_tilt,Combined,sentiment_tilt,RealEstate,0.09283375168193249
2023-02-02,Sentiment-Tilted Equal Weight,combined_sentiment_tilt,Combined,sentiment_tilt,Tech,0.0790398603957235
2023-02-02,Sentiment-Tilted Equal Weight,combined_sentiment_tilt,Combined,sentiment_tilt,Utilities,0.0808209568259475
2023-03-02,Sentiment-Tilted Equal Weight,combined_sentiment_tilt,Combined,sentiment_tilt,Comm,0.077884287458617
2023-03-02,Sentiment-Tilted Equal Weight,combined_sentiment_tilt,Combined,sentiment_tilt,Consumer,0.08299463370518749
2023-03-02,Sentiment-Tilted Equal Weight,combined_sentiment_tilt,Combined,sentiment_tilt,Crypto,0.16666666666666602
2023-03-02,Sentiment-Tilted Equal Weight,combined_sentiment_tilt,Combined,sentiment_tilt,Energy,0.0823327309732585
2023-03-02,Sentiment-Tilted Equal Weight,combined_sentiment_tilt,Combined,sentiment_tilt,Financials,0.08288399480498751
2023-03-02,Sentiment-Tilted Equal Weight,combined_sentiment_tilt,Combined,sentiment_tilt,Healthcare,0.0803254256839605
2023-03-02,Sentiment-Tilted Equal Weight,combined_sentiment_tilt,Combined,sentiment_tilt,Industrials,0.081398006521848
2023-03-02,Sentiment-Tilted Equal Weight,combined_sentiment_tilt,Combined,sentiment_tilt,Materials,0.08549940810979449
2023-03-02,Sentiment-Tilted Equal Weight,combined_sentiment_tilt,Combined,sentiment_tilt,RealEstate,0.0803346532929855
2023-03-02,Sentiment-Tilted Equal Weight,combined_sentiment_tilt,Combined,sentiment_tilt,Tech,0.08646682035566
2023-03-02,Sentiment-Tilted Equal Weight,combined_sentiment_tilt,Combined,sentiment_tilt,Utilities,0.09321337242703201
2023-04-04,Sentiment-Tilted Equal Weight,combined_sentiment_tilt,Combined,sentiment_tilt,Comm,0.08640835839538899
2023-04-04,Sentiment-Tilted Equal Weight,combined_sentiment_tilt,Combined,sentiment_tilt,Consumer,0.0843744497807755
2023-04-04,Sentiment-Tilted Equal Weight,combined_sentiment_tilt,Combined,sentiment_tilt,Crypto,0.16666666666666602
2023-04-04,Sentiment-Tilted Equal Weight,combined_sentiment_tilt,Combined,sentiment_tilt,Energy,0.077899939182123
2023-04-04,Sentiment-Tilted Equal Weight,combined_sentiment_tilt,Combined,sentiment_tilt,Financials,0.0841717845531955
2023-04-04,Sentiment-Tilted Equal Weight,combined_sentiment_tilt,Combined,sentiment_tilt,Healthcare,0.0781487222798065
2023-04-04,Sentiment-Tilted Equal Weight,combined_sentiment_tilt,Combined,sentiment_tilt,Industrials,0.0844054293423605
2023-04-04,Sentiment-Tilted Equal Weight,combined_sentiment_tilt,Combined,sentiment_tilt,Materials,0.077136821921651
2023-04-04,Sentiment-Tilted Equal Weight,combined_sentiment_tilt,Combined,sentiment_tilt,RealEstate,0.08316477344661499
2023-04-04,Sentiment-Tilted Equal Weight,combined_sentiment_tilt,Combined,sentiment_tilt,Tech,0.085752353244802
2023-04-04,Sentiment-Tilted Equal Weight,combined_sentiment_tilt,Combined,sentiment_tilt,Utilities,0.091870701186613
2023-05-02,Sentiment-Tilted Equal Weight,combined_sentiment_tilt,Combined,sentiment_tilt,Comm,0.0807635715350135
2023-05-02,Sentiment-Tilted Equal Weight,combined_sentiment_tilt,Combined,sentiment_tilt,Consumer,0.0837578963780855
2023-05-02,Sentiment-Tilted Equal Weight,combined_sentiment_tilt,Combined,sentiment_tilt,Crypto,0.16666666666666602
2023-05-02,Sentiment-Tilted Equal Weight,combined_sentiment_tilt,Combined,sentiment_tilt,Energy,0.0828785505319985
2023-05-02,Sentiment-Tilted Equal Weight,combined_sentiment_tilt,Combined,sentiment_tilt,Financials,0.076675181942399
2023-05-02,Sentiment-Tilted Equal Weight,combined_sentiment_tilt,Combined,sentiment_tilt,Healthcare,0.083711151996718
2023-05-02,Sentiment-Tilted Equal Weight,combined_sentiment_tilt,Combined,sentiment_tilt,Industrials,0.08616067925041149
2023-05-02,Sentiment-Tilted Equal Weight,combined_sentiment_tilt,Combined,sentiment_tilt,Materials,0.085919731681743
2023-05-02,Sentiment-Tilted Equal Weight,combined_sentiment_tilt,Combined,sentiment_tilt,RealEstate,0.0858903320948335
2023-05-02,Sentiment-Tilted Equal Weight,combined_sentiment_tilt,Combined,sentiment_tilt,Tech,0.0852722514664455
2023-05-02,Sentiment-Tilted Equal Weight,combined_sentiment_tilt,Combined,sentiment_tilt,Utilities,0.082303986455683
2023-06-02,Sentiment-Tilted Equal Weight,combined_sentiment_tilt,Combined,sentiment_tilt,Comm,0.08426094082189
2023-06-02,Sentiment-Tilted Equal Weight,combined_sentiment_tilt,Combined,sentiment_tilt,Consumer,0.084406601833851
2023-06-02,Sentiment-Tilted Equal Weight,combined_sentiment_tilt,Combined,sentiment_tilt,Crypto,0.16666666666666602
2023-06-02,Sentiment-Tilted Equal Weight,combined_sentiment_tilt,Combined,sentiment_tilt,Energy,0.0870435934300285
2023-06-02,Sentiment-Tilted Equal Weight,combined_sentiment_tilt,Combined,sentiment_tilt,Financials,0.0808764104411685
2023-06-02,Sentiment-Tilted Equal Weight,combined_sentiment_tilt,Combined,sentiment_tilt,Healthcare,0.0767096837645125
2023-06-02,Sentiment-Tilted Equal Weight,combined_sentiment_tilt,Combined,sentiment_tilt,Industrials,0.08436890133663749
2023-06-02,Sentiment-Tilted Equal Weight,combined_sentiment_tilt,Combined,sentiment_tilt,Materials,0.0780338996055725
2023-06-02,Sentiment-Tilted Equal Weight,combined_sentiment_tilt,Combined,sentiment_tilt,RealEstate,0.0850686673836925
2023-06-02,Sentiment-Tilted Equal Weight,combined_sentiment_tilt,Combined,sentiment_tilt,Tech,0.0855329050787785
2023-06-02,Sentiment-Tilted Equal Weight,combined_sentiment_tilt,Combined,sentiment_tilt,Utilities,0.08703172963719899
2023-07-05,Sentiment-Tilted Equal Weight,combined_sentiment_tilt,Combined,sentiment_tilt,Comm,0.0835484674637515
2023-07-05,Sentiment-Tilted Equal Weight,combined_sentiment_tilt,Combined,sentiment_tilt,Consumer,0.0808734562383665
2023-07-05,Sentiment-Tilted Equal Weight,combined_sentiment_tilt,Combined,sentiment_tilt,Crypto,0.16666666666666602
2023-07-05,Sentiment-Tilted Equal Weight,combined_sentiment_tilt,Combined,sentiment_tilt,Energy,0.08200057676993
2023-07-05,Sentiment-Tilted Equal Weight,combined_sentiment_tilt,Combined,sentiment_tilt,Financials,0.08048681113523551
2023-07-05,Sentiment-Tilted Equal Weight,combined_sentiment_tilt,Combined,sentiment_tilt,Healthcare,0.084453611761163
2023-07-05,Sentiment-Tilted Equal Weight,combined_sentiment_tilt,Combined,sentiment_tilt,Industrials,0.08239629193106199
2023-07-05,Sentiment-Tilted Equal Weight,combined_sentiment_tilt,Combined,sentiment_tilt,Materials,0.0793257756299455
2023-07-05,Sentiment-Tilted Equal Weight,combined_sentiment_tilt,Combined,sentiment_tilt,RealEstate,0.085578995380783
2023-07-05,Sentiment-Tilted Equal Weight,combined_sentiment_tilt,Combined,sentiment_tilt,Tech,0.08964651875568949
2023-07-05,Sentiment-Tilted Equal Weight,combined_sentiment_tilt,Combined,sentiment_tilt,Utilities,0.0850228282674035
2023-08-02,Sentiment-Tilted Equal Weight,combined_sentiment_tilt,Combined,sentiment_tilt,Comm,0.0886012320828345
2023-08-02,Sentiment-Tilted Equal Weight,combined_sentiment_tilt,Combined,sentiment_tilt,Consumer,0.08144000783980551
2023-08-02,Sentiment-Tilted Equal Weight,combined_sentiment_tilt,Combined,sentiment_tilt,Crypto,0.16666666666666602
2023-08-02,Sentiment-Tilted Equal Weight,combined_sentiment_tilt,Combined,sentiment_tilt,Energy,0.0840479040576805
2023-08-02,Sentiment-Tilted Equal Weight,combined_sentiment_tilt,Combined,sentiment_tilt,Financials,0.07877154094725501
2023-08-02,Sentiment-Tilted Equal Weight,combined_sentiment_tilt,Combined,sentiment_tilt,Healthcare,0.0895371417385725
2023-08-02,Sentiment-Tilted Equal Weight,combined_sentiment_tilt,Combined,sentiment_tilt,Industrials,0.08028720500752749
2023-08-02,Sentiment-Tilted Equal Weight,combined_sentiment_tilt,Combined,sentiment_tilt,Materials,0.084978337277377
2023-08-02,Sentiment-Tilted Equal Weight,combined_sentiment_tilt,Combined,sentiment_tilt,RealEstate,0.0801516476779255
2023-08-02,Sentiment-Tilted Equal Weight,combined_sentiment_tilt,Combined,sentiment_tilt,Tech,0.0849353576429785
2023-08-02,Sentiment-Tilted Equal Weight,combined_sentiment_tilt,Combined,sentiment_tilt,Utilities,0.0805829590613745
2023-09-05,Sentiment-Tilted Equal Weight,combined_sentiment_tilt,Combined,sentiment_tilt,Comm,0.0773408347629975
2023-09-05,Sentiment-Tilted Equal Weight,combined_sentiment_tilt,Combined,sentiment_tilt,Consumer,0.083455829258651
2023-09-05,Sentiment-Tilted Equal Weight,combined_sentiment_tilt,Combined,sentiment_tilt,Crypto,0.16666666666666602
2023-09-05,Sentiment-Tilted Equal Weight,combined_sentiment_tilt,Combined,sentiment_tilt,Energy,0.0868014688309845
2023-09-05,Sentiment-Tilted Equal Weight,combined_sentiment_tilt,Combined,sentiment_tilt,Financials,0.077069845536421
2023-09-05,Sentiment-Tilted Equal Weight,combined_sentiment_tilt,Combined,sentiment_tilt,Healthcare,0.08038402785564501
2023-09-05,Sentiment-Tilted Equal Weight,combined_sentiment_tilt,Combined,sentiment_tilt,Industrials,0.082686105218132
2023-09-05,Sentiment-Tilted Equal Weight,combined_sentiment_tilt,Combined,sentiment_tilt,Materials,0.0863364988713215
2023-09-05,Sentiment-Tilted Equal Weight,combined_sentiment_tilt,Combined,sentiment_tilt,RealEstate,0.087653773998913
2023-09-05,Sentiment-Tilted Equal Weight,combined_sentiment_tilt,Combined,sentiment_tilt,Tech,0.083803006626351
2023-09-05,Sentiment-Tilted Equal Weight,combined_sentiment_tilt,Combined,sentiment_tilt,Utilities,0.0878019423739145
2023-10-03,Sentiment-Tilted Equal Weight,combined_sentiment_tilt,Combined,sentiment_tilt,Comm,0.08567129427742701
2023-10-03,Sentiment-Tilted Equal Weight,combined_sentiment_tilt,Combined,sentiment_tilt,Consumer,0.0810333907873805
2023-10-03,Sentiment-Tilted Equal Weight,combined_sentiment_tilt,Combined,sentiment_tilt,Crypto,0.16666666666666602
2023-10-03,Sentiment-Tilted Equal Weight,combined_sentiment_tilt,Combined,sentiment_tilt,Energy,0.0839051134127155
2023-10-03,Sentiment-Tilted Equal Weight,combined_sentiment_tilt,Combined,sentiment_tilt,Financials,0.0822448551844385
2023-10-03,Sentiment-Tilted Equal Weight,combined_sentiment_tilt,Combined,sentiment_tilt,Healthcare,0.0778979118408735
2023-10-03,Sentiment-Tilted Equal Weight,combined_sentiment_tilt,Combined,sentiment_tilt,Industrials,0.0822284441846885
2023-10-03,Sentiment-Tilted Equal Weight,combined_sentiment_tilt,Combined,sentiment_tilt,Materials,0.082848031158345
2023-10-03,Sentiment-Tilted Equal Weight,combined_sentiment_tilt,Combined,sentiment_tilt,RealEstate,0.090284845084283
2023-10-03,Sentiment-Tilted Equal Weight,combined_sentiment_tilt,Combined,sentiment_tilt,Tech,0.083268875255396
2023-10-03,Sentiment-Tilted Equal Weight,combined_sentiment_tilt,Combined,sentiment_tilt,Utilities,0.0839505721477845
2023-11-02,Sentiment-Tilted Equal Weight,combined_sentiment_tilt,Combined,sentiment_tilt,Comm,0.081417920821807
2023-11-02,Sentiment-Tilted Equal Weight,combined_sentiment_tilt,Combined,sentiment_tilt,Consumer,0.084933766924161
2023-11-02,Sentiment-Tilted Equal Weight,combined_sentiment_tilt,Combined,sentiment_tilt,Crypto,0.16666666666666602
2023-11-02,Sentiment-Tilted Equal Weight,combined_sentiment_tilt,Combined,sentiment_tilt,Energy,0.0860788834069065
2023-11-02,Sentiment-Tilted Equal Weight,combined_sentiment_tilt,Combined,sentiment_tilt,Financials,0.0830074639412115
2023-11-02,Sentiment-Tilted Equal Weight,combined_sentiment_tilt,Combined,sentiment_tilt,Healthcare,0.08163215796505051
2023-11-02,Sentiment-Tilted Equal Weight,combined_sentiment_tilt,Combined,sentiment_tilt,Industrials,0.0838720654070205
2023-11-02,Sentiment-Tilted Equal Weight,combined_sentiment_tilt,Combined,sentiment_tilt,Materials,0.08770157298135
2023-11-02,Sentiment-Tilted Equal Weight,combined_sentiment_tilt,Combined,sentiment_tilt,RealEstate,0.081626763662365
2023-11-02,Sentiment-Tilted Equal Weight,combined_sentiment_tilt,Combined,sentiment_tilt,Tech,0.0827065740521995
2023-11-02,Sentiment-Tilted Equal Weight,combined_sentiment_tilt,Combined,sentiment_tilt,Utilities,0.080356164171259
2023-12-04,Sentiment-Tilted Equal Weight,combined_sentiment_tilt,Combined,sentiment_tilt,Comm,0.0840586443700965
2023-12-04,Sentiment-Tilted Equal Weight,combined_sentiment_tilt,Combined,sentiment_tilt,Consumer,0.087208029103814
2023-12-04,Sentiment-Tilted Equal Weight,combined_sentiment_tilt,Combined,sentiment_tilt,Crypto,0.16666666666666602
2023-12-04,Sentiment-Tilted Equal Weight,combined_sentiment_tilt,Combined,sentiment_tilt,Energy,0.079751088692114
2023-12-04,Sentiment-Tilted Equal Weight,combined_sentiment_tilt,Combined,sentiment_tilt,Financials,0.078680629704144
2023-12-04,Sentiment-Tilted Equal Weight,combined_sentiment_tilt,Combined,sentiment_tilt,Healthcare,0.079751088692114
2023-12-04,Sentiment-Tilted Equal Weight,combined_sentiment_tilt,Combined,sentiment_tilt,Industrials,0.0812030569506145
2023-12-04,Sentiment-Tilted Equal Weight,combined_sentiment_tilt,Combined,sentiment_tilt,Materials,0.08591335562649251
2023-12-04,Sentiment-Tilted Equal Weight,combined_sentiment_tilt,Combined,sentiment_tilt,RealEstate,0.08360067374328249
2023-12-04,Sentiment-Tilted Equal Weight,combined_sentiment_tilt,Combined,sentiment_tilt,Tech,0.082544275184998
2023-12-04,Sentiment-Tilted Equal Weight,combined_sentiment_tilt,Combined,sentiment_tilt,Utilities,0.09062249126566051
2021-01-02,Crypto-Only Equal Weight,crypto_equal_weight,Crypto-only,equal_weight,Crypto,1.0
2021-02-02,Crypto-Only Equal Weight,crypto_equal_weight,Crypto-only,equal_weight,Crypto,1.0
2021-03-02,Crypto-Only Equal Weight,crypto_equal_weight,Crypto-only,equal_weight,Crypto,1.0
2021-04-02,Crypto-Only Equal Weight,crypto_equal_weight,Crypto-only,equal_weight,Crypto,1.0
2021-05-02,Crypto-Only Equal Weight,crypto_equal_weight,Crypto-only,equal_weight,Crypto,1.0
2021-06-02,Crypto-Only Equal Weight,crypto_equal_weight,Crypto-only,equal_weight,Crypto,1.0
2021-07-02,Crypto-Only Equal Weight,crypto_equal_weight,Crypto-only,equal_weight,Crypto,1.0
2021-08-02,Crypto-Only Equal Weight,crypto_equal_weight,Crypto-only,equal_weight,Crypto,1.0
2021-09-02,Crypto-Only Equal Weight,crypto_equal_weight,Crypto-only,equal_weight,Crypto,1.0
2021-10-02,Crypto-Only Equal Weight,crypto_equal_weight,Crypto-only,equal_weight,Crypto,1.0
2021-11-02,Crypto-Only Equal Weight,crypto_equal_weight,Crypto-only,equal_weight,Crypto,1.0
2021-12-02,Crypto-Only Equal Weight,crypto_equal_weight,Crypto-only,equal_weight,Crypto,1.0
2022-01-02,Crypto-Only Equal Weight,crypto_equal_weight,Crypto-only,equal_weight,Crypto,1.0
2022-02-02,Crypto-Only Equal Weight,crypto_equal_weight,Crypto-only,equal_weight,Crypto,1.0
2022-03-02,Crypto-Only Equal Weight,crypto_equal_weight,Crypto-only,equal_weight,Crypto,1.0
2022-04-02,Crypto-Only Equal Weight,crypto_equal_weight,Crypto-only,equal_weight,Crypto,1.0
2022-05-02,Crypto-Only Equal Weight,crypto_equal_weight,Crypto-only,equal_weight,Crypto,1.0
2022-06-02,Crypto-Only Equal Weight,crypto_equal_weight,Crypto-only,equal_weight,Crypto,1.0
2022-07-02,Crypto-Only Equal Weight,crypto_equal_weight,Crypto-only,equal_weight,Crypto,1.0
2022-08-02,Crypto-Only Equal Weight,crypto_equal_weight,Crypto-only,equal_weight,Crypto,1.0
2022-09-02,Crypto-Only Equal Weight,crypto_equal_weight,Crypto-only,equal_weight,Crypto,1.0
2022-10-02,Crypto-Only Equal Weight,crypto_equal_weight,Crypto-only,equal_weight,Crypto,1.0
2022-11-02,Crypto-Only Equal Weight,crypto_equal_weight,Crypto-only,equal_weight,Crypto,1.0
2022-12-02,Crypto-Only Equal Weight,crypto_equal_weight,Crypto-only,equal_weight,Crypto,1.0
2023-01-02,Crypto-Only Equal Weight,crypto_equal_weight,Crypto-only,equal_weight,Crypto,1.0
2023-02-02,Crypto-Only Equal Weight,crypto_equal_weight,Crypto-only,equal_weight,Crypto,1.0
2023-03-02,Crypto-Only Equal Weight,crypto_equal_weight,Crypto-only,equal_weight,Crypto,1.0
2023-04-02,Crypto-Only Equal Weight,crypto_equal_weight,Crypto-only,equal_weight,Crypto,1.0
2023-05-02,Crypto-Only Equal Weight,crypto_equal_weight,Crypto-only,equal_weight,Crypto,1.0
2023-06-02,Crypto-Only Equal Weight,crypto_equal_weight,Crypto-only,equal_weight,Crypto,1.0
2023-07-02,Crypto-Only Equal Weight,crypto_equal_weight,Crypto-only,equal_weight,Crypto,1.0
2023-08-02,Crypto-Only Equal Weight,crypto_equal_weight,Crypto-only,equal_weight,Crypto,1.0
2023-09-02,Crypto-Only Equal Weight,crypto_equal_weight,Crypto-only,equal_weight,Crypto,1.0
2023-10-02,Crypto-Only Equal Weight,crypto_equal_weight,Crypto-only,equal_weight,Crypto,1.0
2023-11-02,Crypto-Only Equal Weight,crypto_equal_weight,Crypto-only,equal_weight,Crypto,1.0
2023-12-02,Crypto-Only Equal Weight,crypto_equal_weight,Crypto-only,equal_weight,Crypto,1.0
2021-01-02,Crypto-Only Maximum Sharpe,crypto_max_sharpe,Crypto-only,max_sharpe,Crypto,1.0
2021-02-02,Crypto-Only Maximum Sharpe,crypto_max_sharpe,Crypto-only,max_sharpe,Crypto,1.0
2021-03-02,Crypto-Only Maximum Sharpe,crypto_max_sharpe,Crypto-only,max_sharpe,Crypto,1.0
2021-04-02,Crypto-Only Maximum Sharpe,crypto_max_sharpe,Crypto-only,max_sharpe,Crypto,1.0
2021-05-02,Crypto-Only Maximum Sharpe,crypto_max_sharpe,Crypto-only,max_sharpe,Crypto,1.0
2021-06-02,Crypto-Only Maximum Sharpe,crypto_max_sharpe,Crypto-only,max_sharpe,Crypto,1.0
2021-07-02,Crypto-Only Maximum Sharpe,crypto_max_sharpe,Crypto-only,max_sharpe,Crypto,1.0
2021-08-02,Crypto-Only Maximum Sharpe,crypto_max_sharpe,Crypto-only,max_sharpe,Crypto,1.0
2021-09-02,Crypto-Only Maximum Sharpe,crypto_max_sharpe,Crypto-only,max_sharpe,Crypto,1.0
2021-10-02,Crypto-Only Maximum Sharpe,crypto_max_sharpe,Crypto-only,max_sharpe,Crypto,1.0
2021-11-02,Crypto-Only Maximum Sharpe,crypto_max_sharpe,Crypto-only,max_sharpe,Crypto,1.0
2021-12-02,Crypto-Only Maximum Sharpe,crypto_max_sharpe,Crypto-only,max_sharpe,Crypto,1.0
2022-01-02,Crypto-Only Maximum Sharpe,crypto_max_sharpe,Crypto-only,max_sharpe,Crypto,1.0
2022-02-02,Crypto-Only Maximum Sharpe,crypto_max_sharpe,Crypto-only,max_sharpe,Crypto,1.0
2022-03-02,Crypto-Only Maximum Sharpe,crypto_max_sharpe,Crypto-only,max_sharpe,Crypto,1.0
2022-04-02,Crypto-Only Maximum Sharpe,crypto_max_sharpe,Crypto-only,max_sharpe,Crypto,1.0
2022-05-02,Crypto-Only Maximum Sharpe,crypto_max_sharpe,Crypto-only,max_sharpe,Crypto,1.0
2022-06-02,Crypto-Only Maximum Sharpe,crypto_max_sharpe,Crypto-only,max_sharpe,Crypto,1.0
2022-07-02,Crypto-Only Maximum Sharpe,crypto_max_sharpe,Crypto-only,max_sharpe,Crypto,1.0
2022-08-02,Crypto-Only Maximum Sharpe,crypto_max_sharpe,Crypto-only,max_sharpe,Crypto,1.0
2022-09-02,Crypto-Only Maximum Sharpe,crypto_max_sharpe,Crypto-only,max_sharpe,Crypto,1.0
2022-10-02,Crypto-Only Maximum Sharpe,crypto_max_sharpe,Crypto-only,max_sharpe,Crypto,1.0
2022-11-02,Crypto-Only Maximum Sharpe,crypto_max_sharpe,Crypto-only,max_sharpe,Crypto,1.0
2022-12-02,Crypto-Only Maximum Sharpe,crypto_max_sharpe,Crypto-only,max_sharpe,Crypto,1.0
2023-01-02,Crypto-Only Maximum Sharpe,crypto_max_sharpe,Crypto-only,max_sharpe,Crypto,1.0
2023-02-02,Crypto-Only Maximum Sharpe,crypto_max_sharpe,Crypto-only,max_sharpe,Crypto,1.0
2023-03-02,Crypto-Only Maximum Sharpe,crypto_max_sharpe,Crypto-only,max_sharpe,Crypto,1.0
2023-04-02,Crypto-Only Maximum Sharpe,crypto_max_sharpe,Crypto-only,max_sharpe,Crypto,1.0
2023-05-02,Crypto-Only Maximum Sharpe,crypto_max_sharpe,Crypto-only,max_sharpe,Crypto,1.0
2023-06-02,Crypto-Only Maximum Sharpe,crypto_max_sharpe,Crypto-only,max_sharpe,Crypto,1.0
2023-07-02,Crypto-Only Maximum Sharpe,crypto_max_sharpe,Crypto-only,max_sharpe,Crypto,1.0
2023-08-02,Crypto-Only Maximum Sharpe,crypto_max_sharpe,Crypto-only,max_sharpe,Crypto,1.0
2023-09-02,Crypto-Only Maximum Sharpe,crypto_max_sharpe,Crypto-only,max_sharpe,Crypto,1.0
2023-10-02,Crypto-Only Maximum Sharpe,crypto_max_sharpe,Crypto-only,max_sharpe,Crypto,1.0
2023-11-02,Crypto-Only Maximum Sharpe,crypto_max_sharpe,Crypto-only,max_sharpe,Crypto,1.0
2023-12-02,Crypto-Only Maximum Sharpe,crypto_max_sharpe,Crypto-only,max_sharpe,Crypto,1.0
2021-01-02,Crypto-Only Minimum Variance,crypto_min_variance,Crypto-only,min_variance,Crypto,1.0
2021-02-02,Crypto-Only Minimum Variance,crypto_min_variance,Crypto-only,min_variance,Crypto,1.0
2021-03-02,Crypto-Only Minimum Variance,crypto_min_variance,Crypto-only,min_variance,Crypto,1.0
2021-04-02,Crypto-Only Minimum Variance,crypto_min_variance,Crypto-only,min_variance,Crypto,1.0
2021-05-02,Crypto-Only Minimum Variance,crypto_min_variance,Crypto-only,min_variance,Crypto,0.9999999999999998
2021-06-02,Crypto-Only Minimum Variance,crypto_min_variance,Crypto-only,min_variance,Crypto,0.9999999999999998
2021-07-02,Crypto-Only Minimum Variance,crypto_min_variance,Crypto-only,min_variance,Crypto,1.0
2021-08-02,Crypto-Only Minimum Variance,crypto_min_variance,Crypto-only,min_variance,Crypto,0.9999999999999996
2021-09-02,Crypto-Only Minimum Variance,crypto_min_variance,Crypto-only,min_variance,Crypto,0.9999999999999999
2021-10-02,Crypto-Only Minimum Variance,crypto_min_variance,Crypto-only,min_variance,Crypto,1.0
2021-11-02,Crypto-Only Minimum Variance,crypto_min_variance,Crypto-only,min_variance,Crypto,1.0000000000000002
2021-12-02,Crypto-Only Minimum Variance,crypto_min_variance,Crypto-only,min_variance,Crypto,1.0
2022-01-02,Crypto-Only Minimum Variance,crypto_min_variance,Crypto-only,min_variance,Crypto,1.0
2022-02-02,Crypto-Only Minimum Variance,crypto_min_variance,Crypto-only,min_variance,Crypto,1.0
2022-03-02,Crypto-Only Minimum Variance,crypto_min_variance,Crypto-only,min_variance,Crypto,1.0
2022-04-02,Crypto-Only Minimum Variance,crypto_min_variance,Crypto-only,min_variance,Crypto,1.0000000000000002
2022-05-02,Crypto-Only Minimum Variance,crypto_min_variance,Crypto-only,min_variance,Crypto,1.0
2022-06-02,Crypto-Only Minimum Variance,crypto_min_variance,Crypto-only,min_variance,Crypto,1.0
2022-07-02,Crypto-Only Minimum Variance,crypto_min_variance,Crypto-only,min_variance,Crypto,0.9999999999999998
2022-08-02,Crypto-Only Minimum Variance,crypto_min_variance,Crypto-only,min_variance,Crypto,1.0
2022-09-02,Crypto-Only Minimum Variance,crypto_min_variance,Crypto-only,min_variance,Crypto,0.9999999999999998
2022-10-02,Crypto-Only Minimum Variance,crypto_min_variance,Crypto-only,min_variance,Crypto,0.9999999999999999
2022-11-02,Crypto-Only Minimum Variance,crypto_min_variance,Crypto-only,min_variance,Crypto,1.0000000000000002
2022-12-02,Crypto-Only Minimum Variance,crypto_min_variance,Crypto-only,min_variance,Crypto,1.0000000000000002
2023-01-02,Crypto-Only Minimum Variance,crypto_min_variance,Crypto-only,min_variance,Crypto,1.0000000000000002
2023-02-02,Crypto-Only Minimum Variance,crypto_min_variance,Crypto-only,min_variance,Crypto,1.0
2023-03-02,Crypto-Only Minimum Variance,crypto_min_variance,Crypto-only,min_variance,Crypto,0.9999999999999999
2023-04-02,Crypto-Only Minimum Variance,crypto_min_variance,Crypto-only,min_variance,Crypto,1.0
2023-05-02,Crypto-Only Minimum Variance,crypto_min_variance,Crypto-only,min_variance,Crypto,1.0
2023-06-02,Crypto-Only Minimum Variance,crypto_min_variance,Crypto-only,min_variance,Crypto,1.0
2023-07-02,Crypto-Only Minimum Variance,crypto_min_variance,Crypto-only,min_variance,Crypto,1.0
2023-08-02,Crypto-Only Minimum Variance,crypto_min_variance,Crypto-only,min_variance,Crypto,1.0000000000000002
2023-09-02,Crypto-Only Minimum Variance,crypto_min_variance,Crypto-only,min_variance,Crypto,1.0000000000000002
2023-10-02,Crypto-Only Minimum Variance,crypto_min_variance,Crypto-only,min_variance,Crypto,1.0
2023-11-02,Crypto-Only Minimum Variance,crypto_min_variance,Crypto-only,min_variance,Crypto,1.0
2023-12-02,Crypto-Only Minimum Variance,crypto_min_variance,Crypto-only,min_variance,Crypto,1.0
2021-01-05,Equity-Only Equal Weight,equity_equal_weight,Equity-only,equal_weight,Comm,0.1
2021-01-05,Equity-Only Equal Weight,equity_equal_weight,Equity-only,equal_weight,Consumer,0.1
2021-01-05,Equity-Only Equal Weight,equity_equal_weight,Equity-only,equal_weight,Energy,0.1
2021-01-05,Equity-Only Equal Weight,equity_equal_weight,Equity-only,equal_weight,Financials,0.1
2021-01-05,Equity-Only Equal Weight,equity_equal_weight,Equity-only,equal_weight,Healthcare,0.1
2021-01-05,Equity-Only Equal Weight,equity_equal_weight,Equity-only,equal_weight,Industrials,0.1
2021-01-05,Equity-Only Equal Weight,equity_equal_weight,Equity-only,equal_weight,Materials,0.1
2021-01-05,Equity-Only Equal Weight,equity_equal_weight,Equity-only,equal_weight,RealEstate,0.1
2021-01-05,Equity-Only Equal Weight,equity_equal_weight,Equity-only,equal_weight,Tech,0.1
2021-01-05,Equity-Only Equal Weight,equity_equal_weight,Equity-only,equal_weight,Utilities,0.1
2021-02-02,Equity-Only Equal Weight,equity_equal_weight,Equity-only,equal_weight,Comm,0.1
2021-02-02,Equity-Only Equal Weight,equity_equal_weight,Equity-only,equal_weight,Consumer,0.1
2021-02-02,Equity-Only Equal Weight,equity_equal_weight,Equity-only,equal_weight,Energy,0.1
2021-02-02,Equity-Only Equal Weight,equity_equal_weight,Equity-only,equal_weight,Financials,0.1
2021-02-02,Equity-Only Equal Weight,equity_equal_weight,Equity-only,equal_weight,Healthcare,0.1
2021-02-02,Equity-Only Equal Weight,equity_equal_weight,Equity-only,equal_weight,Industrials,0.1
2021-02-02,Equity-Only Equal Weight,equity_equal_weight,Equity-only,equal_weight,Materials,0.1
2021-02-02,Equity-Only Equal Weight,equity_equal_weight,Equity-only,equal_weight,RealEstate,0.1
2021-02-02,Equity-Only Equal Weight,equity_equal_weight,Equity-only,equal_weight,Tech,0.1
2021-02-02,Equity-Only Equal Weight,equity_equal_weight,Equity-only,equal_weight,Utilities,0.1
2021-03-02,Equity-Only Equal Weight,equity_equal_weight,Equity-only,equal_weight,Comm,0.1
2021-03-02,Equity-Only Equal Weight,equity_equal_weight,Equity-only,equal_weight,Consumer,0.1
2021-03-02,Equity-Only Equal Weight,equity_equal_weight,Equity-only,equal_weight,Energy,0.1
2021-03-02,Equity-Only Equal Weight,equity_equal_weight,Equity-only,equal_weight,Financials,0.1
2021-03-02,Equity-Only Equal Weight,equity_equal_weight,Equity-only,equal_weight,Healthcare,0.1
2021-03-02,Equity-Only Equal Weight,equity_equal_weight,Equity-only,equal_weight,Industrials,0.1
2021-03-02,Equity-Only Equal Weight,equity_equal_weight,Equity-only,equal_weight,Materials,0.1
2021-03-02,Equity-Only Equal Weight,equity_equal_weight,Equity-only,equal_weight,RealEstate,0.1
2021-03-02,Equity-Only Equal Weight,equity_equal_weight,Equity-only,equal_weight,Tech,0.1
2021-03-02,Equity-Only Equal Weight,equity_equal_weight,Equity-only,equal_weight,Utilities,0.1
2021-04-05,Equity-Only Equal Weight,equity_equal_weight,Equity-only,equal_weight,Comm,0.1
2021-04-05,Equity-Only Equal Weight,equity_equal_weight,Equity-only,equal_weight,Consumer,0.1
2021-04-05,Equity-Only Equal Weight,equity_equal_weight,Equity-only,equal_weight,Energy,0.1
2021-04-05,Equity-Only Equal Weight,equity_equal_weight,Equity-only,equal_weight,Financials,0.1
2021-04-05,Equity-Only Equal Weight,equity_equal_weight,Equity-only,equal_weight,Healthcare,0.1
2021-04-05,Equity-Only Equal Weight,equity_equal_weight,Equity-only,equal_weight,Industrials,0.1
2021-04-05,Equity-Only Equal Weight,equity_equal_weight,Equity-only,equal_weight,Materials,0.1
2021-04-05,Equity-Only Equal Weight,equity_equal_weight,Equity-only,equal_weight,RealEstate,0.1
2021-04-05,Equity-Only Equal Weight,equity_equal_weight,Equity-only,equal_weight,Tech,0.1
2021-04-05,Equity-Only Equal Weight,equity_equal_weight,Equity-only,equal_weight,Utilities,0.1
2021-05-04,Equity-Only Equal Weight,equity_equal_weight,Equity-only,equal_weight,Comm,0.1
2021-05-04,Equity-Only Equal Weight,equity_equal_weight,Equity-only,equal_weight,Consumer,0.1
2021-05-04,Equity-Only Equal Weight,equity_equal_weight,Equity-only,equal_weight,Energy,0.1
2021-05-04,Equity-Only Equal Weight,equity_equal_weight,Equity-only,equal_weight,Financials,0.1
2021-05-04,Equity-Only Equal Weight,equity_equal_weight,Equity-only,equal_weight,Healthcare,0.1
2021-05-04,Equity-Only Equal Weight,equity_equal_weight,Equity-only,equal_weight,Industrials,0.1
2021-05-04,Equity-Only Equal Weight,equity_equal_weight,Equity-only,equal_weight,Materials,0.1
2021-05-04,Equity-Only Equal Weight,equity_equal_weight,Equity-only,equal_weight,RealEstate,0.1
2021-05-04,Equity-Only Equal Weight,equity_equal_weight,Equity-only,equal_weight,Tech,0.1
2021-05-04,Equity-Only Equal Weight,equity_equal_weight,Equity-only,equal_weight,Utilities,0.1
2021-06-02,Equity-Only Equal Weight,equity_equal_weight,Equity-only,equal_weight,Comm,0.1
2021-06-02,Equity-Only Equal Weight,equity_equal_weight,Equity-only,equal_weight,Consumer,0.1
2021-06-02,Equity-Only Equal Weight,equity_equal_weight,Equity-only,equal_weight,Energy,0.1
2021-06-02,Equity-Only Equal Weight,equity_equal_weight,Equity-only,equal_weight,Financials,0.1
2021-06-02,Equity-Only Equal Weight,equity_equal_weight,Equity-only,equal_weight,Healthcare,0.1
2021-06-02,Equity-Only Equal Weight,equity_equal_weight,Equity-only,equal_weight,Industrials,0.1
2021-06-02,Equity-Only Equal Weight,equity_equal_weight,Equity-only,equal_weight,Materials,0.1
2021-06-02,Equity-Only Equal Weight,equity_equal_weight,Equity-only,equal_weight,RealEstate,0.1
2021-06-02,Equity-Only Equal Weight,equity_equal_weight,Equity-only,equal_weight,Tech,0.1
2021-06-02,Equity-Only Equal Weight,equity_equal_weight,Equity-only,equal_weight,Utilities,0.1
2021-07-02,Equity-Only Equal Weight,equity_equal_weight,Equity-only,equal_weight,Comm,0.1
2021-07-02,Equity-Only Equal Weight,equity_equal_weight,Equity-only,equal_weight,Consumer,0.1
2021-07-02,Equity-Only Equal Weight,equity_equal_weight,Equity-only,equal_weight,Energy,0.1
2021-07-02,Equity-Only Equal Weight,equity_equal_weight,Equity-only,equal_weight,Financials,0.1
2021-07-02,Equity-Only Equal Weight,equity_equal_weight,Equity-only,equal_weight,Healthcare,0.1
2021-07-02,Equity-Only Equal Weight,equity_equal_weight,Equity-only,equal_weight,Industrials,0.1
2021-07-02,Equity-Only Equal Weight,equity_equal_weight,Equity-only,equal_weight,Materials,0.1
2021-07-02,Equity-Only Equal Weight,equity_equal_weight,Equity-only,equal_weight,RealEstate,0.1
2021-07-02,Equity-Only Equal Weight,equity_equal_weight,Equity-only,equal_weight,Tech,0.1
2021-07-02,Equity-Only Equal Weight,equity_equal_weight,Equity-only,equal_weight,Utilities,0.1
2021-08-03,Equity-Only Equal Weight,equity_equal_weight,Equity-only,equal_weight,Comm,0.1
2021-08-03,Equity-Only Equal Weight,equity_equal_weight,Equity-only,equal_weight,Consumer,0.1
2021-08-03,Equity-Only Equal Weight,equity_equal_weight,Equity-only,equal_weight,Energy,0.1
2021-08-03,Equity-Only Equal Weight,equity_equal_weight,Equity-only,equal_weight,Financials,0.1
2021-08-03,Equity-Only Equal Weight,equity_equal_weight,Equity-only,equal_weight,Healthcare,0.1
2021-08-03,Equity-Only Equal Weight,equity_equal_weight,Equity-only,equal_weight,Industrials,0.1
2021-08-03,Equity-Only Equal Weight,equity_equal_weight,Equity-only,equal_weight,Materials,0.1
2021-08-03,Equity-Only Equal Weight,equity_equal_weight,Equity-only,equal_weight,RealEstate,0.1
2021-08-03,Equity-Only Equal Weight,equity_equal_weight,Equity-only,equal_weight,Tech,0.1
2021-08-03,Equity-Only Equal Weight,equity_equal_weight,Equity-only,equal_weight,Utilities,0.1
2021-09-02,Equity-Only Equal Weight,equity_equal_weight,Equity-only,equal_weight,Comm,0.1
2021-09-02,Equity-Only Equal Weight,equity_equal_weight,Equity-only,equal_weight,Consumer,0.1
2021-09-02,Equity-Only Equal Weight,equity_equal_weight,Equity-only,equal_weight,Energy,0.1
2021-09-02,Equity-Only Equal Weight,equity_equal_weight,Equity-only,equal_weight,Financials,0.1
2021-09-02,Equity-Only Equal Weight,equity_equal_weight,Equity-only,equal_weight,Healthcare,0.1
2021-09-02,Equity-Only Equal Weight,equity_equal_weight,Equity-only,equal_weight,Industrials,0.1
2021-09-02,Equity-Only Equal Weight,equity_equal_weight,Equity-only,equal_weight,Materials,0.1
2021-09-02,Equity-Only Equal Weight,equity_equal_weight,Equity-only,equal_weight,RealEstate,0.1
2021-09-02,Equity-Only Equal Weight,equity_equal_weight,Equity-only,equal_weight,Tech,0.1
2021-09-02,Equity-Only Equal Weight,equity_equal_weight,Equity-only,equal_weight,Utilities,0.1
2021-10-04,Equity-Only Equal Weight,equity_equal_weight,Equity-only,equal_weight,Comm,0.1
2021-10-04,Equity-Only Equal Weight,equity_equal_weight,Equity-only,equal_weight,Consumer,0.1
2021-10-04,Equity-Only Equal Weight,equity_equal_weight,Equity-only,equal_weight,Energy,0.1
2021-10-04,Equity-Only Equal Weight,equity_equal_weight,Equity-only,equal_weight,Financials,0.1
2021-10-04,Equity-Only Equal Weight,equity_equal_weight,Equity-only,equal_weight,Healthcare,0.1
2021-10-04,Equity-Only Equal Weight,equity_equal_weight,Equity-only,equal_weight,Industrials,0.1
2021-10-04,Equity-Only Equal Weight,equity_equal_weight,Equity-only,equal_weight,Materials,0.1
2021-10-04,Equity-Only Equal Weight,equity_equal_weight,Equity-only,equal_weight,RealEstate,0.1
2021-10-04,Equity-Only Equal Weight,equity_equal_weight,Equity-only,equal_weight,Tech,0.1
2021-10-04,Equity-Only Equal Weight,equity_equal_weight,Equity-only,equal_weight,Utilities,0.1
2021-11-02,Equity-Only Equal Weight,equity_equal_weight,Equity-only,equal_weight,Comm,0.1
2021-11-02,Equity-Only Equal Weight,equity_equal_weight,Equity-only,equal_weight,Consumer,0.1
2021-11-02,Equity-Only Equal Weight,equity_equal_weight,Equity-only,equal_weight,Energy,0.1
2021-11-02,Equity-Only Equal Weight,equity_equal_weight,Equity-only,equal_weight,Financials,0.1
2021-11-02,Equity-Only Equal Weight,equity_equal_weight,Equity-only,equal_weight,Healthcare,0.1
2021-11-02,Equity-Only Equal Weight,equity_equal_weight,Equity-only,equal_weight,Industrials,0.1
2021-11-02,Equity-Only Equal Weight,equity_equal_weight,Equity-only,equal_weight,Materials,0.1
2021-11-02,Equity-Only Equal Weight,equity_equal_weight,Equity-only,equal_weight,RealEstate,0.1
2021-11-02,Equity-Only Equal Weight,equity_equal_weight,Equity-only,equal_weight,Tech,0.1
2021-11-02,Equity-Only Equal Weight,equity_equal_weight,Equity-only,equal_weight,Utilities,0.1
2021-12-02,Equity-Only Equal Weight,equity_equal_weight,Equity-only,equal_weight,Comm,0.1
2021-12-02,Equity-Only Equal Weight,equity_equal_weight,Equity-only,equal_weight,Consumer,0.1
2021-12-02,Equity-Only Equal Weight,equity_equal_weight,Equity-only,equal_weight,Energy,0.1
2021-12-02,Equity-Only Equal Weight,equity_equal_weight,Equity-only,equal_weight,Financials,0.1
2021-12-02,Equity-Only Equal Weight,equity_equal_weight,Equity-only,equal_weight,Healthcare,0.1
2021-12-02,Equity-Only Equal Weight,equity_equal_weight,Equity-only,equal_weight,Industrials,0.1
2021-12-02,Equity-Only Equal Weight,equity_equal_weight,Equity-only,equal_weight,Materials,0.1
2021-12-02,Equity-Only Equal Weight,equity_equal_weight,Equity-only,equal_weight,RealEstate,0.1
2021-12-02,Equity-Only Equal Weight,equity_equal_weight,Equity-only,equal_weight,Tech,0.1
2021-12-02,Equity-Only Equal Weight,equity_equal_weight,Equity-only,equal_weight,Utilities,0.1
2022-01-04,Equity-Only Equal Weight,equity_equal_weight,Equity-only,equal_weight,Comm,0.1
2022-01-04,Equity-Only Equal Weight,equity_equal_weight,Equity-only,equal_weight,Consumer,0.1
2022-01-04,Equity-Only Equal Weight,equity_equal_weight,Equity-only,equal_weight,Energy,0.1
2022-01-04,Equity-Only Equal Weight,equity_equal_weight,Equity-only,equal_weight,Financials,0.1
2022-01-04,Equity-Only Equal Weight,equity_equal_weight,Equity-only,equal_weight,Healthcare,0.1
2022-01-04,Equity-Only Equal Weight,equity_equal_weight,Equity-only,equal_weight,Industrials,0.1
2022-01-04,Equity-Only Equal Weight,equity_equal_weight,Equity-only,equal_weight,Materials,0.1
2022-01-04,Equity-Only Equal Weight,equity_equal_weight,Equity-only,equal_weight,RealEstate,0.1
2022-01-04,Equity-Only Equal Weight,equity_equal_weight,Equity-only,equal_weight,Tech,0.1
2022-01-04,Equity-Only Equal Weight,equity_equal_weight,Equity-only,equal_weight,Utilities,0.1
2022-02-02,Equity-Only Equal Weight,equity_equal_weight,Equity-only,equal_weight,Comm,0.1
2022-02-02,Equity-Only Equal Weight,equity_equal_weight,Equity-only,equal_weight,Consumer,0.1
2022-02-02,Equity-Only Equal Weight,equity_equal_weight,Equity-only,equal_weight,Energy,0.1
2022-02-02,Equity-Only Equal Weight,equity_equal_weight,Equity-only,equal_weight,Financials,0.1
2022-02-02,Equity-Only Equal Weight,equity_equal_weight,Equity-only,equal_weight,Healthcare,0.1
2022-02-02,Equity-Only Equal Weight,equity_equal_weight,Equity-only,equal_weight,Industrials,0.1
2022-02-02,Equity-Only Equal Weight,equity_equal_weight,Equity-only,equal_weight,Materials,0.1
2022-02-02,Equity-Only Equal Weight,equity_equal_weight,Equity-only,equal_weight,RealEstate,0.1
2022-02-02,Equity-Only Equal Weight,equity_equal_weight,Equity-only,equal_weight,Tech,0.1
2022-02-02,Equity-Only Equal Weight,equity_equal_weight,Equity-only,equal_weight,Utilities,0.1
2022-03-02,Equity-Only Equal Weight,equity_equal_weight,Equity-only,equal_weight,Comm,0.1
2022-03-02,Equity-Only Equal Weight,equity_equal_weight,Equity-only,equal_weight,Consumer,0.1
2022-03-02,Equity-Only Equal Weight,equity_equal_weight,Equity-only,equal_weight,Energy,0.1
2022-03-02,Equity-Only Equal Weight,equity_equal_weight,Equity-only,equal_weight,Financials,0.1
2022-03-02,Equity-Only Equal Weight,equity_equal_weight,Equity-only,equal_weight,Healthcare,0.1
2022-03-02,Equity-Only Equal Weight,equity_equal_weight,Equity-only,equal_weight,Industrials,0.1
2022-03-02,Equity-Only Equal Weight,equity_equal_weight,Equity-only,equal_weight,Materials,0.1
2022-03-02,Equity-Only Equal Weight,equity_equal_weight,Equity-only,equal_weight,RealEstate,0.1
2022-03-02,Equity-Only Equal Weight,equity_equal_weight,Equity-only,equal_weight,Tech,0.1
2022-03-02,Equity-Only Equal Weight,equity_equal_weight,Equity-only,equal_weight,Utilities,0.1
2022-04-04,Equity-Only Equal Weight,equity_equal_weight,Equity-only,equal_weight,Comm,0.1
2022-04-04,Equity-Only Equal Weight,equity_equal_weight,Equity-only,equal_weight,Consumer,0.1
2022-04-04,Equity-Only Equal Weight,equity_equal_weight,Equity-only,equal_weight,Energy,0.1
2022-04-04,Equity-Only Equal Weight,equity_equal_weight,Equity-only,equal_weight,Financials,0.1
2022-04-04,Equity-Only Equal Weight,equity_equal_weight,Equity-only,equal_weight,Healthcare,0.1
2022-04-04,Equity-Only Equal Weight,equity_equal_weight,Equity-only,equal_weight,Industrials,0.1
2022-04-04,Equity-Only Equal Weight,equity_equal_weight,Equity-only,equal_weight,Materials,0.1
2022-04-04,Equity-Only Equal Weight,equity_equal_weight,Equity-only,equal_weight,RealEstate,0.1
2022-04-04,Equity-Only Equal Weight,equity_equal_weight,Equity-only,equal_weight,Tech,0.1
2022-04-04,Equity-Only Equal Weight,equity_equal_weight,Equity-only,equal_weight,Utilities,0.1
2022-05-03,Equity-Only Equal Weight,equity_equal_weight,Equity-only,equal_weight,Comm,0.1
2022-05-03,Equity-Only Equal Weight,equity_equal_weight,Equity-only,equal_weight,Consumer,0.1
2022-05-03,Equity-Only Equal Weight,equity_equal_weight,Equity-only,equal_weight,Energy,0.1
2022-05-03,Equity-Only Equal Weight,equity_equal_weight,Equity-only,equal_weight,Financials,0.1
2022-05-03,Equity-Only Equal Weight,equity_equal_weight,Equity-only,equal_weight,Healthcare,0.1
2022-05-03,Equity-Only Equal Weight,equity_equal_weight,Equity-only,equal_weight,Industrials,0.1
2022-05-03,Equity-Only Equal Weight,equity_equal_weight,Equity-only,equal_weight,Materials,0.1
2022-05-03,Equity-Only Equal Weight,equity_equal_weight,Equity-only,equal_weight,RealEstate,0.1
2022-05-03,Equity-Only Equal Weight,equity_equal_weight,Equity-only,equal_weight,Tech,0.1
2022-05-03,Equity-Only Equal Weight,equity_equal_weight,Equity-only,equal_weight,Utilities,0.1
2022-06-02,Equity-Only Equal Weight,equity_equal_weight,Equity-only,equal_weight,Comm,0.1
2022-06-02,Equity-Only Equal Weight,equity_equal_weight,Equity-only,equal_weight,Consumer,0.1
2022-06-02,Equity-Only Equal Weight,equity_equal_weight,Equity-only,equal_weight,Energy,0.1
2022-06-02,Equity-Only Equal Weight,equity_equal_weight,Equity-only,equal_weight,Financials,0.1
2022-06-02,Equity-Only Equal Weight,equity_equal_weight,Equity-only,equal_weight,Healthcare,0.1
2022-06-02,Equity-Only Equal Weight,equity_equal_weight,Equity-only,equal_weight,Industrials,0.1
2022-06-02,Equity-Only Equal Weight,equity_equal_weight,Equity-only,equal_weight,Materials,0.1
2022-06-02,Equity-Only Equal Weight,equity_equal_weight,Equity-only,equal_weight,RealEstate,0.1
2022-06-02,Equity-Only Equal Weight,equity_equal_weight,Equity-only,equal_weight,Tech,0.1
2022-06-02,Equity-Only Equal Weight,equity_equal_weight,Equity-only,equal_weight,Utilities,0.1
2022-07-05,Equity-Only Equal Weight,equity_equal_weight,Equity-only,equal_weight,Comm,0.1
2022-07-05,Equity-Only Equal Weight,equity_equal_weight,Equity-only,equal_weight,Consumer,0.1
2022-07-05,Equity-Only Equal Weight,equity_equal_weight,Equity-only,equal_weight,Energy,0.1
2022-07-05,Equity-Only Equal Weight,equity_equal_weight,Equity-only,equal_weight,Financials,0.1
2022-07-05,Equity-Only Equal Weight,equity_equal_weight,Equity-only,equal_weight,Healthcare,0.1
2022-07-05,Equity-Only Equal Weight,equity_equal_weight,Equity-only,equal_weight,Industrials,0.1
2022-07-05,Equity-Only Equal Weight,equity_equal_weight,Equity-only,equal_weight,Materials,0.1
2022-07-05,Equity-Only Equal Weight,equity_equal_weight,Equity-only,equal_weight,RealEstate,0.1
2022-07-05,Equity-Only Equal Weight,equity_equal_weight,Equity-only,equal_weight,Tech,0.1
2022-07-05,Equity-Only Equal Weight,equity_equal_weight,Equity-only,equal_weight,Utilities,0.1
2022-08-02,Equity-Only Equal Weight,equity_equal_weight,Equity-only,equal_weight,Comm,0.1
2022-08-02,Equity-Only Equal Weight,equity_equal_weight,Equity-only,equal_weight,Consumer,0.1
2022-08-02,Equity-Only Equal Weight,equity_equal_weight,Equity-only,equal_weight,Energy,0.1
2022-08-02,Equity-Only Equal Weight,equity_equal_weight,Equity-only,equal_weight,Financials,0.1
2022-08-02,Equity-Only Equal Weight,equity_equal_weight,Equity-only,equal_weight,Healthcare,0.1
2022-08-02,Equity-Only Equal Weight,equity_equal_weight,Equity-only,equal_weight,Industrials,0.1
2022-08-02,Equity-Only Equal Weight,equity_equal_weight,Equity-only,equal_weight,Materials,0.1
2022-08-02,Equity-Only Equal Weight,equity_equal_weight,Equity-only,equal_weight,RealEstate,0.1
2022-08-02,Equity-Only Equal Weight,equity_equal_weight,Equity-only,equal_weight,Tech,0.1
2022-08-02,Equity-Only Equal Weight,equity_equal_weight,Equity-only,equal_weight,Utilities,0.1
2022-09-02,Equity-Only Equal Weight,equity_equal_weight,Equity-only,equal_weight,Comm,0.1
2022-09-02,Equity-Only Equal Weight,equity_equal_weight,Equity-only,equal_weight,Consumer,0.1
2022-09-02,Equity-Only Equal Weight,equity_equal_weight,Equity-only,equal_weight,Energy,0.1
2022-09-02,Equity-Only Equal Weight,equity_equal_weight,Equity-only,equal_weight,Financials,0.1
2022-09-02,Equity-Only Equal Weight,equity_equal_weight,Equity-only,equal_weight,Healthcare,0.1
2022-09-02,Equity-Only Equal Weight,equity_equal_weight,Equity-only,equal_weight,Industrials,0.1
2022-09-02,Equity-Only Equal Weight,equity_equal_weight,Equity-only,equal_weight,Materials,0.1
2022-09-02,Equity-Only Equal Weight,equity_equal_weight,Equity-only,equal_weight,RealEstate,0.1
2022-09-02,Equity-Only Equal Weight,equity_equal_weight,Equity-only,equal_weight,Tech,0.1
2022-09-02,Equity-Only Equal Weight,equity_equal_weight,Equity-only,equal_weight,Utilities,0.1
2022-10-04,Equity-Only Equal Weight,equity_equal_weight,Equity-only,equal_weight,Comm,0.1
2022-10-04,Equity-Only Equal Weight,equity_equal_weight,Equity-only,equal_weight,Consumer,0.1
2022-10-04,Equity-Only Equal Weight,equity_equal_weight,Equity-only,equal_weight,Energy,0.1
2022-10-04,Equity-Only Equal Weight,equity_equal_weight,Equity-only,equal_weight,Financials,0.1
2022-10-04,Equity-Only Equal Weight,equity_equal_weight,Equity-only,equal_weight,Healthcare,0.1
2022-10-04,Equity-Only Equal Weight,equity_equal_weight,Equity-only,equal_weight,Industrials,0.1
2022-10-04,Equity-Only Equal Weight,equity_equal_weight,Equity-only,equal_weight,Materials,0.1
2022-10-04,Equity-Only Equal Weight,equity_equal_weight,Equity-only,equal_weight,RealEstate,0.1
2022-10-04,Equity-Only Equal Weight,equity_equal_weight,Equity-only,equal_weight,Tech,0.1
2022-10-04,Equity-Only Equal Weight,equity_equal_weight,Equity-only,equal_weight,Utilities,0.1
2022-11-02,Equity-Only Equal Weight,equity_equal_weight,Equity-only,equal_weight,Comm,0.1
2022-11-02,Equity-Only Equal Weight,equity_equal_weight,Equity-only,equal_weight,Consumer,0.1
2022-11-02,Equity-Only Equal Weight,equity_equal_weight,Equity-only,equal_weight,Energy,0.1
2022-11-02,Equity-Only Equal Weight,equity_equal_weight,Equity-only,equal_weight,Financials,0.1
2022-11-02,Equity-Only Equal Weight,equity_equal_weight,Equity-only,equal_weight,Healthcare,0.1
2022-11-02,Equity-Only Equal Weight,equity_equal_weight,Equity-only,equal_weight,Industrials,0.1
2022-11-02,Equity-Only Equal Weight,equity_equal_weight,Equity-only,equal_weight,Materials,0.1
2022-11-02,Equity-Only Equal Weight,equity_equal_weight,Equity-only,equal_weight,RealEstate,0.1
2022-11-02,Equity-Only Equal Weight,equity_equal_weight,Equity-only,equal_weight,Tech,0.1
2022-11-02,Equity-Only Equal Weight,equity_equal_weight,Equity-only,equal_weight,Utilities,0.1
2022-12-02,Equity-Only Equal Weight,equity_equal_weight,Equity-only,equal_weight,Comm,0.1
2022-12-02,Equity-Only Equal Weight,equity_equal_weight,Equity-only,equal_weight,Consumer,0.1
2022-12-02,Equity-Only Equal Weight,equity_equal_weight,Equity-only,equal_weight,Energy,0.1
2022-12-02,Equity-Only Equal Weight,equity_equal_weight,Equity-only,equal_weight,Financials,0.1
2022-12-02,Equity-Only Equal Weight,equity_equal_weight,Equity-only,equal_weight,Healthcare,0.1
2022-12-02,Equity-Only Equal Weight,equity_equal_weight,Equity-only,equal_weight,Industrials,0.1
2022-12-02,Equity-Only Equal Weight,equity_equal_weight,Equity-only,equal_weight,Materials,0.1
2022-12-02,Equity-Only Equal Weight,equity_equal_weight,Equity-only,equal_weight,RealEstate,0.1
2022-12-02,Equity-Only Equal Weight,equity_equal_weight,Equity-only,equal_weight,Tech,0.1
2022-12-02,Equity-Only Equal Weight,equity_equal_weight,Equity-only,equal_weight,Utilities,0.1
2023-01-04,Equity-Only Equal Weight,equity_equal_weight,Equity-only,equal_weight,Comm,0.1
2023-01-04,Equity-Only Equal Weight,equity_equal_weight,Equity-only,equal_weight,Consumer,0.1
2023-01-04,Equity-Only Equal Weight,equity_equal_weight,Equity-only,equal_weight,Energy,0.1
2023-01-04,Equity-Only Equal Weight,equity_equal_weight,Equity-only,equal_weight,Financials,0.1
2023-01-04,Equity-Only Equal Weight,equity_equal_weight,Equity-only,equal_weight,Healthcare,0.1
2023-01-04,Equity-Only Equal Weight,equity_equal_weight,Equity-only,equal_weight,Industrials,0.1
2023-01-04,Equity-Only Equal Weight,equity_equal_weight,Equity-only,equal_weight,Materials,0.1
2023-01-04,Equity-Only Equal Weight,equity_equal_weight,Equity-only,equal_weight,RealEstate,0.1
2023-01-04,Equity-Only Equal Weight,equity_equal_weight,Equity-only,equal_weight,Tech,0.1
2023-01-04,Equity-Only Equal Weight,equity_equal_weight,Equity-only,equal_weight,Utilities,0.1
2023-02-02,Equity-Only Equal Weight,equity_equal_weight,Equity-only,equal_weight,Comm,0.1
2023-02-02,Equity-Only Equal Weight,equity_equal_weight,Equity-only,equal_weight,Consumer,0.1
2023-02-02,Equity-Only Equal Weight,equity_equal_weight,Equity-only,equal_weight,Energy,0.1
2023-02-02,Equity-Only Equal Weight,equity_equal_weight,Equity-only,equal_weight,Financials,0.1
2023-02-02,Equity-Only Equal Weight,equity_equal_weight,Equity-only,equal_weight,Healthcare,0.1
2023-02-02,Equity-Only Equal Weight,equity_equal_weight,Equity-only,equal_weight,Industrials,0.1
2023-02-02,Equity-Only Equal Weight,equity_equal_weight,Equity-only,equal_weight,Materials,0.1
2023-02-02,Equity-Only Equal Weight,equity_equal_weight,Equity-only,equal_weight,RealEstate,0.1
2023-02-02,Equity-Only Equal Weight,equity_equal_weight,Equity-only,equal_weight,Tech,0.1
2023-02-02,Equity-Only Equal Weight,equity_equal_weight,Equity-only,equal_weight,Utilities,0.1
2023-03-02,Equity-Only Equal Weight,equity_equal_weight,Equity-only,equal_weight,Comm,0.1
2023-03-02,Equity-Only Equal Weight,equity_equal_weight,Equity-only,equal_weight,Consumer,0.1
2023-03-02,Equity-Only Equal Weight,equity_equal_weight,Equity-only,equal_weight,Energy,0.1
2023-03-02,Equity-Only Equal Weight,equity_equal_weight,Equity-only,equal_weight,Financials,0.1
2023-03-02,Equity-Only Equal Weight,equity_equal_weight,Equity-only,equal_weight,Healthcare,0.1
2023-03-02,Equity-Only Equal Weight,equity_equal_weight,Equity-only,equal_weight,Industrials,0.1
2023-03-02,Equity-Only Equal Weight,equity_equal_weight,Equity-only,equal_weight,Materials,0.1
2023-03-02,Equity-Only Equal Weight,equity_equal_weight,Equity-only,equal_weight,RealEstate,0.1
2023-03-02,Equity-Only Equal Weight,equity_equal_weight,Equity-only,equal_weight,Tech,0.1
2023-03-02,Equity-Only Equal Weight,equity_equal_weight,Equity-only,equal_weight,Utilities,0.1
2023-04-04,Equity-Only Equal Weight,equity_equal_weight,Equity-only,equal_weight,Comm,0.1
2023-04-04,Equity-Only Equal Weight,equity_equal_weight,Equity-only,equal_weight,Consumer,0.1
2023-04-04,Equity-Only Equal Weight,equity_equal_weight,Equity-only,equal_weight,Energy,0.1
2023-04-04,Equity-Only Equal Weight,equity_equal_weight,Equity-only,equal_weight,Financials,0.1
2023-04-04,Equity-Only Equal Weight,equity_equal_weight,Equity-only,equal_weight,Healthcare,0.1
2023-04-04,Equity-Only Equal Weight,equity_equal_weight,Equity-only,equal_weight,Industrials,0.1
2023-04-04,Equity-Only Equal Weight,equity_equal_weight,Equity-only,equal_weight,Materials,0.1
2023-04-04,Equity-Only Equal Weight,equity_equal_weight,Equity-only,equal_weight,RealEstate,0.1
2023-04-04,Equity-Only Equal Weight,equity_equal_weight,Equity-only,equal_weight,Tech,0.1
2023-04-04,Equity-Only Equal Weight,equity_equal_weight,Equity-only,equal_weight,Utilities,0.1
2023-05-02,Equity-Only Equal Weight,equity_equal_weight,Equity-only,equal_weight,Comm,0.1
2023-05-02,Equity-Only Equal Weight,equity_equal_weight,Equity-only,equal_weight,Consumer,0.1
2023-05-02,Equity-Only Equal Weight,equity_equal_weight,Equity-only,equal_weight,Energy,0.1
2023-05-02,Equity-Only Equal Weight,equity_equal_weight,Equity-only,equal_weight,Financials,0.1
2023-05-02,Equity-Only Equal Weight,equity_equal_weight,Equity-only,equal_weight,Healthcare,0.1
2023-05-02,Equity-Only Equal Weight,equity_equal_weight,Equity-only,equal_weight,Industrials,0.1
2023-05-02,Equity-Only Equal Weight,equity_equal_weight,Equity-only,equal_weight,Materials,0.1
2023-05-02,Equity-Only Equal Weight,equity_equal_weight,Equity-only,equal_weight,RealEstate,0.1
2023-05-02,Equity-Only Equal Weight,equity_equal_weight,Equity-only,equal_weight,Tech,0.1
2023-05-02,Equity-Only Equal Weight,equity_equal_weight,Equity-only,equal_weight,Utilities,0.1
2023-06-02,Equity-Only Equal Weight,equity_equal_weight,Equity-only,equal_weight,Comm,0.1
2023-06-02,Equity-Only Equal Weight,equity_equal_weight,Equity-only,equal_weight,Consumer,0.1
2023-06-02,Equity-Only Equal Weight,equity_equal_weight,Equity-only,equal_weight,Energy,0.1
2023-06-02,Equity-Only Equal Weight,equity_equal_weight,Equity-only,equal_weight,Financials,0.1
2023-06-02,Equity-Only Equal Weight,equity_equal_weight,Equity-only,equal_weight,Healthcare,0.1
2023-06-02,Equity-Only Equal Weight,equity_equal_weight,Equity-only,equal_weight,Industrials,0.1
2023-06-02,Equity-Only Equal Weight,equity_equal_weight,Equity-only,equal_weight,Materials,0.1
2023-06-02,Equity-Only Equal Weight,equity_equal_weight,Equity-only,equal_weight,RealEstate,0.1
2023-06-02,Equity-Only Equal Weight,equity_equal_weight,Equity-only,equal_weight,Tech,0.1
2023-06-02,Equity-Only Equal Weight,equity_equal_weight,Equity-only,equal_weight,Utilities,0.1
2023-07-05,Equity-Only Equal Weight,equity_equal_weight,Equity-only,equal_weight,Comm,0.1
2023-07-05,Equity-Only Equal Weight,equity_equal_weight,Equity-only,equal_weight,Consumer,0.1
2023-07-05,Equity-Only Equal Weight,equity_equal_weight,Equity-only,equal_weight,Energy,0.1
2023-07-05,Equity-Only Equal Weight,equity_equal_weight,Equity-only,equal_weight,Financials,0.1
2023-07-05,Equity-Only Equal Weight,equity_equal_weight,Equity-only,equal_weight,Healthcare,0.1
2023-07-05,Equity-Only Equal Weight,equity_equal_weight,Equity-only,equal_weight,Industrials,0.1
2023-07-05,Equity-Only Equal Weight,equity_equal_weight,Equity-only,equal_weight,Materials,0.1
2023-07-05,Equity-Only Equal Weight,equity_equal_weight,Equity-only,equal_weight,RealEstate,0.1
2023-07-05,Equity-Only Equal Weight,equity_equal_weight,Equity-only,equal_weight,Tech,0.1
2023-07-05,Equity-Only Equal Weight,equity_equal_weight,Equity-only,equal_weight,Utilities,0.1
2023-08-02,Equity-Only Equal Weight,equity_equal_weight,Equity-only,equal_weight,Comm,0.1
2023-08-02,Equity-Only Equal Weight,equity_equal_weight,Equity-only,equal_weight,Consumer,0.1
2023-08-02,Equity-Only Equal Weight,equity_equal_weight,Equity-only,equal_weight,Energy,0.1
2023-08-02,Equity-Only Equal Weight,equity_equal_weight,Equity-only,equal_weight,Financials,0.1
2023-08-02,Equity-Only Equal Weight,equity_equal_weight,Equity-only,equal_weight,Healthcare,0.1
2023-08-02,Equity-Only Equal Weight,equity_equal_weight,Equity-only,equal_weight,Industrials,0.1
2023-08-02,Equity-Only Equal Weight,equity_equal_weight,Equity-only,equal_weight,Materials,0.1
2023-08-02,Equity-Only Equal Weight,equity_equal_weight,Equity-only,equal_weight,RealEstate,0.1
2023-08-02,Equity-Only Equal Weight,equity_equal_weight,Equity-only,equal_weight,Tech,0.1
2023-08-02,Equity-Only Equal Weight,equity_equal_weight,Equity-only,equal_weight,Utilities,0.1
2023-09-05,Equity-Only Equal Weight,equity_equal_weight,Equity-only,equal_weight,Comm,0.1
2023-09-05,Equity-Only Equal Weight,equity_equal_weight,Equity-only,equal_weight,Consumer,0.1
2023-09-05,Equity-Only Equal Weight,equity_equal_weight,Equity-only,equal_weight,Energy,0.1
2023-09-05,Equity-Only Equal Weight,equity_equal_weight,Equity-only,equal_weight,Financials,0.1
2023-09-05,Equity-Only Equal Weight,equity_equal_weight,Equity-only,equal_weight,Healthcare,0.1
2023-09-05,Equity-Only Equal Weight,equity_equal_weight,Equity-only,equal_weight,Industrials,0.1
2023-09-05,Equity-Only Equal Weight,equity_equal_weight,Equity-only,equal_weight,Materials,0.1
2023-09-05,Equity-Only Equal Weight,equity_equal_weight,Equity-only,equal_weight,RealEstate,0.1
2023-09-05,Equity-Only Equal Weight,equity_equal_weight,Equity-only,equal_weight,Tech,0.1
2023-09-05,Equity-Only Equal Weight,equity_equal_weight,Equity-only,equal_weight,Utilities,0.1
2023-10-03,Equity-Only Equal Weight,equity_equal_weight,Equity-only,equal_weight,Comm,0.1
2023-10-03,Equity-Only Equal Weight,equity_equal_weight,Equity-only,equal_weight,Consumer,0.1
2023-10-03,Equity-Only Equal Weight,equity_equal_weight,Equity-only,equal_weight,Energy,0.1
2023-10-03,Equity-Only Equal Weight,equity_equal_weight,Equity-only,equal_weight,Financials,0.1
2023-10-03,Equity-Only Equal Weight,equity_equal_weight,Equity-only,equal_weight,Healthcare,0.1
2023-10-03,Equity-Only Equal Weight,equity_equal_weight,Equity-only,equal_weight,Industrials,0.1
2023-10-03,Equity-Only Equal Weight,equity_equal_weight,Equity-only,equal_weight,Materials,0.1
2023-10-03,Equity-Only Equal Weight,equity_equal_weight,Equity-only,equal_weight,RealEstate,0.1
2023-10-03,Equity-Only Equal Weight,equity_equal_weight,Equity-only,equal_weight,Tech,0.1
2023-10-03,Equity-Only Equal Weight,equity_equal_weight,Equity-only,equal_weight,Utilities,0.1
2023-11-02,Equity-Only Equal Weight,equity_equal_weight,Equity-only,equal_weight,Comm,0.1
2023-11-02,Equity-Only Equal Weight,equity_equal_weight,Equity-only,equal_weight,Consumer,0.1
2023-11-02,Equity-Only Equal Weight,equity_equal_weight,Equity-only,equal_weight,Energy,0.1
2023-11-02,Equity-Only Equal Weight,equity_equal_weight,Equity-only,equal_weight,Financials,0.1
2023-11-02,Equity-Only Equal Weight,equity_equal_weight,Equity-only,equal_weight,Healthcare,0.1
2023-11-02,Equity-Only Equal Weight,equity_equal_weight,Equity-only,equal_weight,Industrials,0.1
2023-11-02,Equity-Only Equal Weight,equity_equal_weight,Equity-only,equal_weight,Materials,0.1
2023-11-02,Equity-Only Equal Weight,equity_equal_weight,Equity-only,equal_weight,RealEstate,0.1
2023-11-02,Equity-Only Equal Weight,equity_equal_weight,Equity-only,equal_weight,Tech,0.1
2023-11-02,Equity-Only Equal Weight,equity_equal_weight,Equity-only,equal_weight,Utilities,0.1
2023-12-04,Equity-Only Equal Weight,equity_equal_weight,Equity-only,equal_weight,Comm,0.1
2023-12-04,Equity-Only Equal Weight,equity_equal_weight,Equity-only,equal_weight,Consumer,0.1
2023-12-04,Equity-Only Equal Weight,equity_equal_weight,Equity-only,equal_weight,Energy,0.1
2023-12-04,Equity-Only Equal Weight,equity_equal_weight,Equity-only,equal_weight,Financials,0.1
2023-12-04,Equity-Only Equal Weight,equity_equal_weight,Equity-only,equal_weight,Healthcare,0.1
2023-12-04,Equity-Only Equal Weight,equity_equal_weight,Equity-only,equal_weight,Industrials,0.1
2023-12-04,Equity-Only Equal Weight,equity_equal_weight,Equity-only,equal_weight,Materials,0.1
2023-12-04,Equity-Only Equal Weight,equity_equal_weight,Equity-only,equal_weight,RealEstate,0.1
2023-12-04,Equity-Only Equal Weight,equity_equal_weight,Equity-only,equal_weight,Tech,0.1
2023-12-04,Equity-Only Equal Weight,equity_equal_weight,Equity-only,equal_weight,Utilities,0.1
2021-01-05,Equity-Only Maximum Sharpe,equity_max_sharpe,Equity-only,max_sharpe,Comm,0.23466991413040852
2021-01-05,Equity-Only Maximum Sharpe,equity_max_sharpe,Equity-only,max_sharpe,Consumer,0.17517353225059318
2021-01-05,Equity-Only Maximum Sharpe,equity_max_sharpe,Equity-only,max_sharpe,Energy,2.3163178516637737e-16
2021-01-05,Equity-Only Maximum Sharpe,equity_max_sharpe,Equity-only,max_sharpe,Financials,2.4864052227183415e-16
2021-01-05,Equity-Only Maximum Sharpe,equity_max_sharpe,Equity-only,max_sharpe,Healthcare,0.09015655361899695
2021-01-05,Equity-Only Maximum Sharpe,equity_max_sharpe,Equity-only,max_sharpe,Industrials,0.10000000000000002
2021-01-05,Equity-Only Maximum Sharpe,equity_max_sharpe,Equity-only,max_sharpe,Materials,0.10000000000000012
2021-01-05,Equity-Only Maximum Sharpe,equity_max_sharpe,Equity-only,max_sharpe,RealEstate,9.390336270191337e-18
2021-01-05,Equity-Only Maximum Sharpe,equity_max_sharpe,Equity-only,max_sharpe,Tech,0.29999999999999993
2021-01-05,Equity-Only Maximum Sharpe,equity_max_sharpe,Equity-only,max_sharpe,Utilities,1.872617604688432e-16
2021-02-02,Equity-Only Maximum Sharpe,equity_max_sharpe,Equity-only,max_sharpe,Comm,0.19999999999999984
2021-02-02,Equity-Only Maximum Sharpe,equity_max_sharpe,Equity-only,max_sharpe,Consumer,0.028310580348358712
2021-02-02,Equity-Only Maximum Sharpe,equity_max_sharpe,Equity-only,max_sharpe,Energy,3.5018381005538455e-16
2021-02-02,Equity-Only Maximum Sharpe,equity_max_sharpe,Equity-only,max_sharpe,Financials,1.3784433839944658e-16
2021-02-02,Equity-Only Maximum Sharpe,equity_max_sharpe,Equity-only,max_sharpe,Healthcare,0.1327372294157913
2021-02-02,Equity-Only Maximum Sharpe,equity_max_sharpe,Equity-only,max_sharpe,Industrials,0.15367461920424313
2021-02-02,Equity-Only Maximum Sharpe,equity_max_sharpe,Equity-only,max_sharpe,Materials,0.19999999999999973
2021-02-02,Equity-Only Maximum Sharpe,equity_max_sharpe,Equity-only,max_sharpe,RealEstate,2.765659282947371e-16
2021-02-02,Equity-Only Maximum Sharpe,equity_max_sharpe,Equity-only,max_sharpe,Tech,0.2852775710316059
2021-02-02,Equity-Only Maximum Sharpe,equity_max_sharpe,Equity-only,max_sharpe,Utilities,1.7566973444817496e-16
2021-03-02,Equity-Only Maximum Sharpe,equity_max_sharpe,Equity-only,max_sharpe,Comm,0.10000000000000023
2021-03-02,Equity-Only Maximum Sharpe,equity_max_sharpe,Equity-only,max_sharpe,Consumer,0.19999999999999973
2021-03-02,Equity-Only Maximum Sharpe,equity_max_sharpe,Equity-only,max_sharpe,Energy,3.396703651832459e-17
2021-03-02,Equity-Only Maximum Sharpe,equity_max_sharpe,Equity-only,max_sharpe,Financials,2.4176399059369877e-16
2021-03-02,Equity-Only Maximum Sharpe,equity_max_sharpe,Equity-only,max_sharpe,Healthcare,0.1252174117635171
2021-03-02,Equity-Only Maximum Sharpe,equity_max_sharpe,Equity-only,max_sharpe,Industrials,0.19999999999999984
2021-03-02,Equity-Only Maximum Sharpe,equity_max_sharpe,Equity-only,max_sharpe,Materials,0.07478258823648264
2021-03-02,Equity-Only Maximum Sharpe,equity_max_sharpe,Equity-only,max_sharpe,RealEstate,6.744821742602071e-18
2021-03-02,Equity-Only Maximum Sharpe,equity_max_sharpe,Equity-only,max_sharpe,Tech,0.29999999999999977
2021-03-02,Equity-Only Maximum Sharpe,equity_max_sharpe,Equity-only,max_sharpe,Utilities,9.118418029804027e-17
2021-04-05,Equity-Only Maximum Sharpe,equity_max_sharpe,Equity-only,max_sharpe,Comm,0.19999999999999984
2021-04-05,Equity-Only Maximum Sharpe,equity_max_sharpe,Equity-only,max_sharpe,Consumer,0.0606938489179564
2021-04-05,Equity-Only Maximum Sharpe,equity_max_sharpe,Equity-only,max_sharpe,Energy,4.7422519424614456e-17
2021-04-05,Equity-Only Maximum Sharpe,equity_max_sharpe,Equity-only,max_sharpe,Financials,0.14078466711330645
2021-04-05,Equity-Only Maximum Sharpe,equity_max_sharpe,Equity-only,max_sharpe,Healthcare,0.1802774334442911
2021-04-05,Equity-Only Maximum Sharpe,equity_max_sharpe,Equity-only,max_sharpe,Industrials,0.1428385412934282
2021-04-05,Equity-Only Maximum Sharpe,equity_max_sharpe,Equity-only,max_sharpe,Materials,0.22688750425410076
2021-04-05,Equity-Only Maximum Sharpe,equity_max_sharpe,Equity-only,max_sharpe,RealEstate,0.012229023379183423
2021-04-05,Equity-Only Maximum Sharpe,equity_max_sharpe,Equity-only,max_sharpe,Tech,0.03628898159773292
2021-04-05,Equity-Only Maximum Sharpe,equity_max_sharpe,Equity-only,max_sharpe,Utilities,1.2842152166096852e-16
2021-05-04,Equity-Only Maximum Sharpe,equity_max_sharpe,Equity-only,max_sharpe,Comm,0.11602310910074874
2021-05-04,Equity-Only Maximum Sharpe,equity_max_sharpe,Equity-only,max_sharpe,Consumer,0.027024587168113536
2021-05-04,Equity-Only Maximum Sharpe,equity_max_sharpe,Equity-only,max_sharpe,Energy,9.492798746420236e-17
2021-05-04,Equity-Only Maximum Sharpe,equity_max_sharpe,Equity-only,max_sharpe,Financials,0.13945001117458236
2021-05-04,Equity-Only Maximum Sharpe,equity_max_sharpe,Equity-only,max_sharpe,Healthcare,0.09999999999999988
2021-05-04,Equity-Only Maximum Sharpe,equity_max_sharpe,Equity-only,max_sharpe,Industrials,0.2195926889541505
2021-05-04,Equity-Only Maximum Sharpe,equity_max_sharpe,Equity-only,max_sharpe,Materials,0.15093896249134695
2021-05-04,Equity-Only Maximum Sharpe,equity_max_sharpe,Equity-only,max_sharpe,RealEstate,0.09999999999999998
2021-05-04,Equity-Only Maximum Sharpe,equity_max_sharpe,Equity-only,max_sharpe,Tech,0.09761951531897814
2021-05-04,Equity-Only Maximum Sharpe,equity_max_sharpe,Equity-only,max_sharpe,Utilities,0.0493511257920791
2021-06-02,Equity-Only Maximum Sharpe,equity_max_sharpe,Equity-only,max_sharpe,Comm,0.11338690221910695
2021-06-02,Equity-Only Maximum Sharpe,equity_max_sharpe,Equity-only,max_sharpe,Consumer,6.514624891587179e-17
2021-06-02,Equity-Only Maximum Sharpe,equity_max_sharpe,Equity-only,max_sharpe,Energy,9.207767610019525e-17
2021-06-02,Equity-Only Maximum Sharpe,equity_max_sharpe,Equity-only,max_sharpe,Financials,0.13680215680937294
2021-06-02,Equity-Only Maximum Sharpe,equity_max_sharpe,Equity-only,max_sharpe,Healthcare,0.01197956351235414
2021-06-02,Equity-Only Maximum Sharpe,equity_max_sharpe,Equity-only,max_sharpe,Industrials,0.2939107294613982
2021-06-02,Equity-Only Maximum Sharpe,equity_max_sharpe,Equity-only,max_sharpe,Materials,0.20049838131323428
2021-06-02,Equity-Only Maximum Sharpe,equity_max_sharpe,Equity-only,max_sharpe,RealEstate,0.09999999999999985
2021-06-02,Equity-Only Maximum Sharpe,equity_max_sharpe,Equity-only,max_sharpe,Tech,0.09060573142740243
2021-06-02,Equity-Only Maximum Sharpe,equity_max_sharpe,Equity-only,max_sharpe,Utilities,0.0528165352571303
2021-07-02,Equity-Only Maximum Sharpe,equity_max_sharpe,Equity-only,max_sharpe,Comm,3.0167142891936564e-16
2021-07-02,Equity-Only Maximum Sharpe,equity_max_sharpe,Equity-only,max_sharpe,Consumer,0.11177489332739014
2021-07-02,Equity-Only Maximum Sharpe,equity_max_sharpe,Equity-only,max_sharpe,Energy,1.6200919384140272e-16
2021-07-02,Equity-Only Maximum Sharpe,equity_max_sharpe,Equity-only,max_sharpe,Financials,0.1185019972371234
2021-07-02,Equity-Only Maximum Sharpe,equity_max_sharpe,Equity-only,max_sharpe,Healthcare,0.04790785765844821
2021-07-02,Equity-Only Maximum Sharpe,equity_max_sharpe,Equity-only,max_sharpe,Industrials,0.2260079449386918
2021-07-02,Equity-Only Maximum Sharpe,equity_max_sharpe,Equity-only,max_sharpe,Materials,0.14950907705016792
2021-07-02,Equity-Only Maximum Sharpe,equity_max_sharpe,Equity-only,max_sharpe,RealEstate,0.09999999999999991
2021-07-02,Equity-Only Maximum Sharpe,equity_max_sharpe,Equity-only,max_sharpe,Tech,0.14629822978817777
2021-07-02,Equity-Only Maximum Sharpe,equity_max_sharpe,Equity-only,max_sharpe,Utilities,0.09999999999999983
2021-08-03,Equity-Only Maximum Sharpe,equity_max_sharpe,Equity-only,max_sharpe,Comm,2.4310107060056543e-16
2021-08-03,Equity-Only Maximum Sharpe,equity_max_sharpe,Equity-only,max_sharpe,Consumer,0.17397390926606435
2021-08-03,Equity-Only Maximum Sharpe,equity_max_sharpe,Equity-only,max_sharpe,Energy,1.4463410658822394e-16
2021-08-03,Equity-Only Maximum Sharpe,equity_max_sharpe,Equity-only,max_sharpe,Financials,0.15611491067197705
2021-08-03,Equity-Only Maximum Sharpe,equity_max_sharpe,Equity-only,max_sharpe,Healthcare,0.033196893299464694
2021-08-03,Equity-Only Maximum Sharpe,equity_max_sharpe,Equity-only,max_sharpe,Industrials,0.09941689950097223
2021-08-03,Equity-Only Maximum Sharpe,equity_max_sharpe,Equity-only,max_sharpe,Materials,0.18606485434748235
2021-08-03,Equity-Only Maximum Sharpe,equity_max_sharpe,Equity-only,max_sharpe,RealEstate,0.10865341536006032
2021-08-03,Equity-Only Maximum Sharpe,equity_max_sharpe,Equity-only,max_sharpe,Tech,0.14257911755397798
2021-08-03,Equity-Only Maximum Sharpe,equity_max_sharpe,Equity-only,max_sharpe,Utilities,0.10000000000000003
2021-09-02,Equity-Only Maximum Sharpe,equity_max_sharpe,Equity-only,max_sharpe,Comm,3.551318533063272e-17
2021-09-02,Equity-Only Maximum Sharpe,equity_max_sharpe,Equity-only,max_sharpe,Consumer,0.08929172415567826
2021-09-02,Equity-Only Maximum Sharpe,equity_max_sharpe,Equity-only,max_sharpe,Energy,0.0
2021-09-02,Equity-Only Maximum Sharpe,equity_max_sharpe,Equity-only,max_sharpe,Financials,0.16830180255764957
2021-09-02,Equity-Only Maximum Sharpe,equity_max_sharpe,Equity-only,max_sharpe,Healthcare,0.05044468325284983
2021-09-02,Equity-Only Maximum Sharpe,equity_max_sharpe,Equity-only,max_sharpe,Industrials,0.09407256988488218
2021-09-02,Equity-Only Maximum Sharpe,equity_max_sharpe,Equity-only,max_sharpe,Materials,0.18919503326242632
2021-09-02,Equity-Only Maximum Sharpe,equity_max_sharpe,Equity-only,max_sharpe,RealEstate,0.19999999999999962
2021-09-02,Equity-Only Maximum Sharpe,equity_max_sharpe,Equity-only,max_sharpe,Tech,0.08478939376159046
2021-09-02,Equity-Only Maximum Sharpe,equity_max_sharpe,Equity-only,max_sharpe,Utilities,0.12390479312492327
2021-10-04,Equity-Only Maximum Sharpe,equity_max_sharpe,Equity-only,max_sharpe,Comm,0.0204503243651327
2021-10-04,Equity-Only Maximum Sharpe,equity_max_sharpe,Equity-only,max_sharpe,Consumer,1.1920432846033629e-17
2021-10-04,Equity-Only Maximum Sharpe,equity_max_sharpe,Equity-only,max_sharpe,Energy,0.036634104207043036
2021-10-04,Equity-Only Maximum Sharpe,equity_max_sharpe,Equity-only,max_sharpe,Financials,0.22043189498838883
2021-10-04,Equity-Only Maximum Sharpe,equity_max_sharpe,Equity-only,max_sharpe,Healthcare,0.0803954082378043
2021-10-04,Equity-Only Maximum Sharpe,equity_max_sharpe,Equity-only,max_sharpe,Industrials,0.09999999999999994
2021-10-04,Equity-Only Maximum Sharpe,equity_max_sharpe,Equity-only,max_sharpe,Materials,0.12956988101664976
2021-10-04,Equity-Only Maximum Sharpe,equity_max_sharpe,Equity-only,max_sharpe,RealEstate,0.24124402388631433
2021-10-04,Equity-Only Maximum Sharpe,equity_max_sharpe,Equity-only,max_sharpe,Tech,0.10000000000000007
2021-10-04,Equity-Only Maximum Sharpe,equity_max_sharpe,Equity-only,max_sharpe,Utilities,0.0712743632986666
2021-11-02,Equity-Only Maximum Sharpe,equity_max_sharpe,Equity-only,max_sharpe,Comm,0.005850756780433532
2021-11-02,Equity-Only Maximum Sharpe,equity_max_sharpe,Equity-only,max_sharpe,Consumer,8.323687638180746e-17
2021-11-02,Equity-Only Maximum Sharpe,equity_max_sharpe,Equity-only,max_sharpe,Energy,0.07426221174718194
2021-11-02,Equity-Only Maximum Sharpe,equity_max_sharpe,Equity-only,max_sharpe,Financials,0.2412051801460455
2021-11-02,Equity-Only Maximum Sharpe,equity_max_sharpe,Equity-only,max_sharpe,Healthcare,0.19570574586320108
2021-11-02,Equity-Only Maximum Sharpe,equity_max_sharpe,Equity-only,max_sharpe,Industrials,3.7706340033144065e-17
2021-11-02,Equity-Only Maximum Sharpe,equity_max_sharpe,Equity-only,max_sharpe,Materials,0.1252298452968275
2021-11-02,Equity-Only Maximum Sharpe,equity_max_sharpe,Equity-only,max_sharpe,RealEstate,0.2430486988861501
2021-11-02,Equity-Only Maximum Sharpe,equity_max_sharpe,Equity-only,max_sharpe,Tech,0.10012489224195416
2021-11-02,Equity-Only Maximum Sharpe,equity_max_sharpe,Equity-only,max_sharpe,Utilities,0.014572669038205274
2021-12-02,Equity-Only Maximum Sharpe,equity_max_sharpe,Equity-only,max_sharpe,Comm,1.8647482118839435e-16
2021-12-02,Equity-Only Maximum Sharpe,equity_max_sharpe,Equity-only,max_sharpe,Consumer,1.304023895141291e-16
2021-12-02,Equity-Only Maximum Sharpe,equity_max_sharpe,Equity-only,max_sharpe,Energy,0.09986751516124442
2021-12-02,Equity-Only Maximum Sharpe,equity_max_sharpe,Equity-only,max_sharpe,Financials,0.16545998414225527
2021-12-02,Equity-Only Maximum Sharpe,equity_max_sharpe,Equity-only,max_sharpe,Healthcare,0.16679016634733712
2021-12-02,Equity-Only Maximum Sharpe,equity_max_sharpe,Equity-only,max_sharpe,Industrials,1.53499753224554e-16
2021-12-02,Equity-Only Maximum Sharpe,equity_max_sharpe,Equity-only,max_sharpe,Materials,0.156237578512678
2021-12-02,Equity-Only Maximum Sharpe,equity_max_sharpe,Equity-only,max_sharpe,RealEstate,0.20516229331266672
2021-12-02,Equity-Only Maximum Sharpe,equity_max_sharpe,Equity-only,max_sharpe,Tech,0.15285329949011034
2021-12-02,Equity-Only Maximum Sharpe,equity_max_sharpe,Equity-only,max_sharpe,Utilities,0.05362916303370684
2022-01-04,Equity-Only Maximum Sharpe,equity_max_sharpe,Equity-only,max_sharpe,Comm,2.8029391734368287e-16
2022-01-04,Equity-Only Maximum Sharpe,equity_max_sharpe,Equity-only,max_sharpe,Consumer,1.5910127692674965e-16
2022-01-04,Equity-Only Maximum Sharpe,equity_max_sharpe,Equity-only,max_sharpe,Energy,0.10000000000000026
2022-01-04,Equity-Only Maximum Sharpe,equity_max_sharpe,Equity-only,max_sharpe,Financials,0.032692127523510604
2022-01-04,Equity-Only Maximum Sharpe,equity_max_sharpe,Equity-only,max_sharpe,Healthcare,0.22021713872901674
2022-01-04,Equity-Only Maximum Sharpe,equity_max_sharpe,Equity-only,max_sharpe,Industrials,2.841684644259415e-16
2022-01-04,Equity-Only Maximum Sharpe,equity_max_sharpe,Equity-only,max_sharpe,Materials,0.19999999999999996
2022-01-04,Equity-Only Maximum Sharpe,equity_max_sharpe,Equity-only,max_sharpe,RealEstate,0.26846961969544236
2022-01-04,Equity-Only Maximum Sharpe,equity_max_sharpe,Equity-only,max_sharpe,Tech,0.09646878344866089
2022-01-04,Equity-Only Maximum Sharpe,equity_max_sharpe,Equity-only,max_sharpe,Utilities,0.08215233060336838
2022-02-02,Equity-Only Maximum Sharpe,equity_max_sharpe,Equity-only,max_sharpe,Comm,1.7827617514241763e-16
2022-02-02,Equity-Only Maximum Sharpe,equity_max_sharpe,Equity-only,max_sharpe,Consumer,0.0999999999999998
2022-02-02,Equity-Only Maximum Sharpe,equity_max_sharpe,Equity-only,max_sharpe,Energy,0.1436954187474833
2022-02-02,Equity-Only Maximum Sharpe,equity_max_sharpe,Equity-only,max_sharpe,Financials,0.08140807702372935
2022-02-02,Equity-Only Maximum Sharpe,equity_max_sharpe,Equity-only,max_sharpe,Healthcare,0.12730724558890716
2022-02-02,Equity-Only Maximum Sharpe,equity_max_sharpe,Equity-only,max_sharpe,Industrials,2.530610888722024e-16
2022-02-02,Equity-Only Maximum Sharpe,equity_max_sharpe,Equity-only,max_sharpe,Materials,0.07439194126264771
2022-02-02,Equity-Only Maximum Sharpe,equity_max_sharpe,Equity-only,max_sharpe,RealEstate,0.1999999999999995
2022-02-02,Equity-Only Maximum Sharpe,equity_max_sharpe,Equity-only,max_sharpe,Tech,0.09005761507022067
2022-02-02,Equity-Only Maximum Sharpe,equity_max_sharpe,Equity-only,max_sharpe,Utilities,0.18313970230701143
2022-03-02,Equity-Only Maximum Sharpe,equity_max_sharpe,Equity-only,max_sharpe,Comm,6.952860072761532e-17
2022-03-02,Equity-Only Maximum Sharpe,equity_max_sharpe,Equity-only,max_sharpe,Consumer,0.0999999999999998
2022-03-02,Equity-Only Maximum Sharpe,equity_max_sharpe,Equity-only,max_sharpe,Energy,0.14692692679724015
2022-03-02,Equity-Only Maximum Sharpe,equity_max_sharpe,Equity-only,max_sharpe,Financials,0.017023695159052124
2022-03-02,Equity-Only Maximum Sharpe,equity_max_sharpe,Equity-only,max_sharpe,Healthcare,0.12300068098158087
2022-03-02,Equity-Only Maximum Sharpe,equity_max_sharpe,Equity-only,max_sharpe,Industrials,0.013284605797835369
2022-03-02,Equity-Only Maximum Sharpe,equity_max_sharpe,Equity-only,max_sharpe,Materials,0.16063624427148807
2022-03-02,Equity-Only Maximum Sharpe,equity_max_sharpe,Equity-only,max_sharpe,RealEstate,0.1999999999999994
2022-03-02,Equity-Only Maximum Sharpe,equity_max_sharpe,Equity-only,max_sharpe,Tech,0.08666544768487469
2022-03-02,Equity-Only Maximum Sharpe,equity_max_sharpe,Equity-only,max_sharpe,Utilities,0.1524623993079289
2022-04-04,Equity-Only Maximum Sharpe,equity_max_sharpe,Equity-only,max_sharpe,Comm,0.0
2022-04-04,Equity-Only Maximum Sharpe,equity_max_sharpe,Equity-only,max_sharpe,Consumer,0.0721195780786391
2022-04-04,Equity-Only Maximum Sharpe,equity_max_sharpe,Equity-only,max_sharpe,Energy,0.20866452719910988
2022-04-04,Equity-Only Maximum Sharpe,equity_max_sharpe,Equity-only,max_sharpe,Financials,1.9128032257386747e-16
2022-04-04,Equity-Only Maximum Sharpe,equity_max_sharpe,Equity-only,max_sharpe,Healthcare,0.12285343045862257
2022-04-04,Equity-Only Maximum Sharpe,equity_max_sharpe,Equity-only,max_sharpe,Industrials,4.816576856510918e-16
2022-04-04,Equity-Only Maximum Sharpe,equity_max_sharpe,Equity-only,max_sharpe,Materials,0.137519196510576
2022-04-04,Equity-Only Maximum Sharpe,equity_max_sharpe,Equity-only,max_sharpe,RealEstate,0.19999999999999962
2022-04-04,Equity-Only Maximum Sharpe,equity_max_sharpe,Equity-only,max_sharpe,Tech,0.09999999999999985
2022-04-04,Equity-Only Maximum Sharpe,equity_max_sharpe,Equity-only,max_sharpe,Utilities,0.1588432677530518
2022-05-03,Equity-Only Maximum Sharpe,equity_max_sharpe,Equity-only,max_sharpe,Comm,1.6547789020259498e-16
2022-05-03,Equity-Only Maximum Sharpe,equity_max_sharpe,Equity-only,max_sharpe,Consumer,0.09999999999999991
2022-05-03,Equity-Only Maximum Sharpe,equity_max_sharpe,Equity-only,max_sharpe,Energy,0.24775862992303446
2022-05-03,Equity-Only Maximum Sharpe,equity_max_sharpe,Equity-only,max_sharpe,Financials,1.478589511579661e-16
2022-05-03,Equity-Only Maximum Sharpe,equity_max_sharpe,Equity-only,max_sharpe,Healthcare,0.19999999999999968
2022-05-03,Equity-Only Maximum Sharpe,equity_max_sharpe,Equity-only,max_sharpe,Industrials,2.4167213028253432e-17
2022-05-03,Equity-Only Maximum Sharpe,equity_max_sharpe,Equity-only,max_sharpe,Materials,0.12378141644304527
2022-05-03,Equity-Only Maximum Sharpe,equity_max_sharpe,Equity-only,max_sharpe,RealEstate,0.19999999999999965
2022-05-03,Equity-Only Maximum Sharpe,equity_max_sharpe,Equity-only,max_sharpe,Tech,0.0259425689964553
2022-05-03,Equity-Only Maximum Sharpe,equity_max_sharpe,Equity-only,max_sharpe,Utilities,0.10251738463746426
2022-06-02,Equity-Only Maximum Sharpe,equity_max_sharpe,Equity-only,max_sharpe,Comm,3.855193238231189e-17
2022-06-02,Equity-Only Maximum Sharpe,equity_max_sharpe,Equity-only,max_sharpe,Consumer,0.07378846262984652
2022-06-02,Equity-Only Maximum Sharpe,equity_max_sharpe,Equity-only,max_sharpe,Energy,0.3235456067566048
2022-06-02,Equity-Only Maximum Sharpe,equity_max_sharpe,Equity-only,max_sharpe,Financials,1.2148286360517138e-16
2022-06-02,Equity-Only Maximum Sharpe,equity_max_sharpe,Equity-only,max_sharpe,Healthcare,0.25240565844065016
2022-06-02,Equity-Only Maximum Sharpe,equity_max_sharpe,Equity-only,max_sharpe,Industrials,6.849496495928251e-17
2022-06-02,Equity-Only Maximum Sharpe,equity_max_sharpe,Equity-only,max_sharpe,Materials,3.128120238060754e-17
2022-06-02,Equity-Only Maximum Sharpe,equity_max_sharpe,Equity-only,max_sharpe,RealEstate,0.0033652745494530344
2022-06-02,Equity-Only Maximum Sharpe,equity_max_sharpe,Equity-only,max_sharpe,Tech,0.0468949976234446
2022-06-02,Equity-Only Maximum Sharpe,equity_max_sharpe,Equity-only,max_sharpe,Utilities,0.2999999999999997
2022-07-05,Equity-Only Maximum Sharpe,equity_max_sharpe,Equity-only,max_sharpe,Comm,4.350227192959099e-16
2022-07-05,Equity-Only Maximum Sharpe,equity_max_sharpe,Equity-only,max_sharpe,Consumer,0.0999999999999998
2022-07-05,Equity-Only Maximum Sharpe,equity_max_sharpe,Equity-only,max_sharpe,Energy,0.30494178407229233
2022-07-05,Equity-Only Maximum Sharpe,equity_max_sharpe,Equity-only,max_sharpe,Financials,5.599616779909989e-16
2022-07-05,Equity-Only Maximum Sharpe,equity_max_sharpe,Equity-only,max_sharpe,Healthcare,0.19999999999999937
2022-07-05,Equity-Only Maximum Sharpe,equity_max_sharpe,Equity-only,max_sharpe,Industrials,3.243590627447538e-16
2022-07-05,Equity-Only Maximum Sharpe,equity_max_sharpe,Equity-only,max_sharpe,Materials,5.5407394399366315e-18
2022-07-05,Equity-Only Maximum Sharpe,equity_max_sharpe,Equity-only,max_sharpe,RealEstate,0.0423233081173291
2022-07-05,Equity-Only Maximum Sharpe,equity_max_sharpe,Equity-only,max_sharpe,Tech,3.489238528461505e-16
2022-07-05,Equity-Only Maximum Sharpe,equity_max_sharpe,Equity-only,max_sharpe,Utilities,0.3527349078103771
2022-08-02,Equity-Only Maximum Sharpe,equity_max_sharpe,Equity-only,max_sharpe,Comm,1.2750174439847594e-16
2022-08-02,Equity-Only Maximum Sharpe,equity_max_sharpe,Equity-only,max_sharpe,Consumer,0.09999999999999983
2022-08-02,Equity-Only Maximum Sharpe,equity_max_sharpe,Equity-only,max_sharpe,Energy,0.35961754379784233
2022-08-02,Equity-Only Maximum Sharpe,equity_max_sharpe,Equity-only,max_sharpe,Financials,2.550426134126333e-16
2022-08-02,Equity-Only Maximum Sharpe,equity_max_sharpe,Equity-only,max_sharpe,Healthcare,0.20000000000000007
2022-08-02,Equity-Only Maximum Sharpe,equity_max_sharpe,Equity-only,max_sharpe,Industrials,4.138809316007058e-17
2022-08-02,Equity-Only Maximum Sharpe,equity_max_sharpe,Equity-only,max_sharpe,Materials,0.043670185095250676
2022-08-02,Equity-Only Maximum Sharpe,equity_max_sharpe,Equity-only,max_sharpe,RealEstate,0.07978610678744531
2022-08-02,Equity-Only Maximum Sharpe,equity_max_sharpe,Equity-only,max_sharpe,Tech,2.328382607138018e-16
2022-08-02,Equity-Only Maximum Sharpe,equity_max_sharpe,Equity-only,max_sharpe,Utilities,0.21692616431946074
2022-09-02,Equity-Only Maximum Sharpe,equity_max_sharpe,Equity-only,max_sharpe,Comm,6.651251502323289e-17
2022-09-02,Equity-Only Maximum Sharpe,equity_max_sharpe,Equity-only,max_sharpe,Consumer,0.09999999999999996
2022-09-02,Equity-Only Maximum Sharpe,equity_max_sharpe,Equity-only,max_sharpe,Energy,0.39999999999999925
2022-09-02,Equity-Only Maximum Sharpe,equity_max_sharpe,Equity-only,max_sharpe,Financials,1.1051072039293825e-16
2022-09-02,Equity-Only Maximum Sharpe,equity_max_sharpe,Equity-only,max_sharpe,Healthcare,0.29999999999999943
2022-09-02,Equity-Only Maximum Sharpe,equity_max_sharpe,Equity-only,max_sharpe,Industrials,3.6434913718354485e-17
2022-09-02,Equity-Only Maximum Sharpe,equity_max_sharpe,Equity-only,max_sharpe,Materials,5.13555413781346e-17
2022-09-02,Equity-Only Maximum Sharpe,equity_max_sharpe,Equity-only,max_sharpe,RealEstate,3.042993908849353e-16
2022-09-02,Equity-Only Maximum Sharpe,equity_max_sharpe,Equity-only,max_sharpe,Tech,4.90470541962866e-16
2022-09-02,Equity-Only Maximum Sharpe,equity_max_sharpe,Equity-only,max_sharpe,Utilities,0.1999999999999996
2022-10-04,Equity-Only Maximum Sharpe,equity_max_sharpe,Equity-only,max_sharpe,Comm,7.081690271301365e-16
2022-10-04,Equity-Only Maximum Sharpe,equity_max_sharpe,Equity-only,max_sharpe,Consumer,0.1000000000000001
2022-10-04,Equity-Only Maximum Sharpe,equity_max_sharpe,Equity-only,max_sharpe,Energy,0.400000000000002
2022-10-04,Equity-Only Maximum Sharpe,equity_max_sharpe,Equity-only,max_sharpe,Financials,2.753798841847416e-16
2022-10-04,Equity-Only Maximum Sharpe,equity_max_sharpe,Equity-only,max_sharpe,Healthcare,0.2999999999999961
2022-10-04,Equity-Only Maximum Sharpe,equity_max_sharpe,Equity-only,max_sharpe,Industrials,2.9765118718506957e-16
2022-10-04,Equity-Only Maximum Sharpe,equity_max_sharpe,Equity-only,max_sharpe,Materials,0.011736535477168943
2022-10-04,Equity-Only Maximum Sharpe,equity_max_sharpe,Equity-only,max_sharpe,RealEstate,1.378732663597009e-15
2022-10-04,Equity-Only Maximum Sharpe,equity_max_sharpe,Equity-only,max_sharpe,Tech,1.2220783394307736e-15
2022-10-04,Equity-Only Maximum Sharpe,equity_max_sharpe,Equity-only,max_sharpe,Utilities,0.18826346452282836
2022-11-02,Equity-Only Maximum Sharpe,equity_max_sharpe,Equity-only,max_sharpe,Comm,0.09999999999999985
2022-11-02,Equity-Only Maximum Sharpe,equity_max_sharpe,Equity-only,max_sharpe,Consumer,0.0999999999999998
2022-11-02,Equity-Only Maximum Sharpe,equity_max_sharpe,Equity-only,max_sharpe,Energy,0.3999999999999988
2022-11-02,Equity-Only Maximum Sharpe,equity_max_sharpe,Equity-only,max_sharpe,Financials,8.613281509145732e-17
2022-11-02,Equity-Only Maximum Sharpe,equity_max_sharpe,Equity-only,max_sharpe,Healthcare,0.3999999999999987
2022-11-02,Equity-Only Maximum Sharpe,equity_max_sharpe,Equity-only,max_sharpe,Industrials,2.5024521096289555e-16
2022-11-02,Equity-Only Maximum Sharpe,equity_max_sharpe,Equity-only,max_sharpe,Materials,1.1459058226961496e-15
2022-11-02,Equity-Only Maximum Sharpe,equity_max_sharpe,Equity-only,max_sharpe,RealEstate,5.290891972804584e-16
2022-11-02,Equity-Only Maximum Sharpe,equity_max_sharpe,Equity-only,max_sharpe,Tech,1.6599946395509785e-16
2022-11-02,Equity-Only Maximum Sharpe,equity_max_sharpe,Equity-only,max_sharpe,Utilities,2.849334415637595e-16
2022-12-02,Equity-Only Maximum Sharpe,equity_max_sharpe,Equity-only,max_sharpe,Comm,0.1000000000000005
2022-12-02,Equity-Only Maximum Sharpe,equity_max_sharpe,Equity-only,max_sharpe,Consumer,0.1004990174676025
2022-12-02,Equity-Only Maximum Sharpe,equity_max_sharpe,Equity-only,max_sharpe,Energy,0.3121688634890889
2022-12-02,Equity-Only Maximum Sharpe,equity_max_sharpe,Equity-only,max_sharpe,Financials,0.0
2022-12-02,Equity-Only Maximum Sharpe,equity_max_sharpe,Equity-only,max_sharpe,Healthcare,0.4000000000000021
2022-12-02,Equity-Only Maximum Sharpe,equity_max_sharpe,Equity-only,max_sharpe,Industrials,0.0
2022-12-02,Equity-Only Maximum Sharpe,equity_max_sharpe,Equity-only,max_sharpe,Materials,0.0191302929252954
2022-12-02,Equity-Only Maximum Sharpe,equity_max_sharpe,Equity-only,max_sharpe,RealEstate,1.1299830708710492e-16
2022-12-02,Equity-Only Maximum Sharpe,equity_max_sharpe,Equity-only,max_sharpe,Tech,0.0
2022-12-02,Equity-Only Maximum Sharpe,equity_max_sharpe,Equity-only,max_sharpe,Utilities,0.06820182611801039
2023-01-04,Equity-Only Maximum Sharpe,equity_max_sharpe,Equity-only,max_sharpe,Comm,0.09909144220727095
2023-01-04,Equity-Only Maximum Sharpe,equity_max_sharpe,Equity-only,max_sharpe,Consumer,0.09999999999999847
2023-01-04,Equity-Only Maximum Sharpe,equity_max_sharpe,Equity-only,max_sharpe,Energy,0.4009085577927286
2023-01-04,Equity-Only Maximum Sharpe,equity_max_sharpe,Equity-only,max_sharpe,Financials,4.776630901774452e-16
2023-01-04,Equity-Only Maximum Sharpe,equity_max_sharpe,Equity-only,max_sharpe,Healthcare,0.399999999999996
2023-01-04,Equity-Only Maximum Sharpe,equity_max_sharpe,Equity-only,max_sharpe,Industrials,1.3069255070273912e-15
2023-01-04,Equity-Only Maximum Sharpe,equity_max_sharpe,Equity-only,max_sharpe,Materials,1.394726236886483e-15
2023-01-04,Equity-Only Maximum Sharpe,equity_max_sharpe,Equity-only,max_sharpe,RealEstate,3.2474325508148236e-16
2023-01-04,Equity-Only Maximum Sharpe,equity_max_sharpe,Equity-only,max_sharpe,Tech,1.8318679844473713e-15
2023-01-04,Equity-Only Maximum Sharpe,equity_max_sharpe,Equity-only,max_sharpe,Utilities,1.198332848377785e-16
2023-02-02,Equity-Only Maximum Sharpe,equity_max_sharpe,Equity-only,max_sharpe,Comm,0.16842316002500107
2023-02-02,Equity-Only Maximum Sharpe,equity_max_sharpe,Equity-only,max_sharpe,Consumer,0.022007452952900693
2023-02-02,Equity-Only Maximum Sharpe,equity_max_sharpe,Equity-only,max_sharpe,Energy,0.3095693870220979
2023-02-02,Equity-Only Maximum Sharpe,equity_max_sharpe,Equity-only,max_sharpe,Financials,4.265920089330465e-16
2023-02-02,Equity-Only Maximum Sharpe,equity_max_sharpe,Equity-only,max_sharpe,Healthcare,0.39999999999999825
2023-02-02,Equity-Only Maximum Sharpe,equity_max_sharpe,Equity-only,max_sharpe,Industrials,2.2060082738032053e-16
2023-02-02,Equity-Only Maximum Sharpe,equity_max_sharpe,Equity-only,max_sharpe,Materials,0.09999999999999995
2023-02-02,Equity-Only Maximum Sharpe,equity_max_sharpe,Equity-only,max_sharpe,RealEstate,7.129175995301993e-17
2023-02-02,Equity-Only Maximum Sharpe,equity_max_sharpe,Equity-only,max_sharpe,Tech,4.682459778248669e-16
2023-02-02,Equity-Only Maximum Sharpe,equity_max_sharpe,Equity-only,max_sharpe,Utilities,2.8698690334463176e-16
2023-03-02,Equity-Only Maximum Sharpe,equity_max_sharpe,Equity-only,max_sharpe,Comm,0.106414195730919
2023-03-02,Equity-Only Maximum Sharpe,equity_max_sharpe,Equity-only,max_sharpe,Consumer,0.0902107412055711
2023-03-02,Equity-Only Maximum Sharpe,equity_max_sharpe,Equity-only,max_sharpe,Energy,0.25838034487772965
2023-03-02,Equity-Only Maximum Sharpe,equity_max_sharpe,Equity-only,max_sharpe,Financials,0.0
2023-03-02,Equity-Only Maximum Sharpe,equity_max_sharpe,Equity-only,max_sharpe,Healthcare,0.3476971796579455
2023-03-02,Equity-Only Maximum Sharpe,equity_max_sharpe,Equity-only,max_sharpe,Industrials,0.09999999999999981
2023-03-02,Equity-Only Maximum Sharpe,equity_max_sharpe,Equity-only,max_sharpe,Materials,0.09729753852783371
2023-03-02,Equity-Only Maximum Sharpe,equity_max_sharpe,Equity-only,max_sharpe,RealEstate,3.0464546129491415e-16
2023-03-02,Equity-Only Maximum Sharpe,equity_max_sharpe,Equity-only,max_sharpe,Tech,1.670308034968789e-16
2023-03-02,Equity-Only Maximum Sharpe,equity_max_sharpe,Equity-only,max_sharpe,Utilities,1.7271040302757923e-16
2023-04-04,Equity-Only Maximum Sharpe,equity_max_sharpe,Equity-only,max_sharpe,Comm,0.1999999999999988
2023-04-04,Equity-Only Maximum Sharpe,equity_max_sharpe,Equity-only,max_sharpe,Consumer,0.18132951285800739
2023-04-04,Equity-Only Maximum Sharpe,equity_max_sharpe,Equity-only,max_sharpe,Energy,0.1908437623613527
2023-04-04,Equity-Only Maximum Sharpe,equity_max_sharpe,Equity-only,max_sharpe,Financials,0.0
2023-04-04,Equity-Only Maximum Sharpe,equity_max_sharpe,Equity-only,max_sharpe,Healthcare,0.3278267247806394
2023-04-04,Equity-Only Maximum Sharpe,equity_max_sharpe,Equity-only,max_sharpe,Industrials,0.100000000000001
2023-04-04,Equity-Only Maximum Sharpe,equity_max_sharpe,Equity-only,max_sharpe,Materials,0.0
2023-04-04,Equity-Only Maximum Sharpe,equity_max_sharpe,Equity-only,max_sharpe,RealEstate,0.0
2023-04-04,Equity-Only Maximum Sharpe,equity_max_sharpe,Equity-only,max_sharpe,Tech,0.0
2023-04-04,Equity-Only Maximum Sharpe,equity_max_sharpe,Equity-only,max_sharpe,Utilities,0.0
2023-05-02,Equity-Only Maximum Sharpe,equity_max_sharpe,Equity-only,max_sharpe,Comm,0.05509580551546948
2023-05-02,Equity-Only Maximum Sharpe,equity_max_sharpe,Equity-only,max_sharpe,Consumer,0.11882073688468643
2023-05-02,Equity-Only Maximum Sharpe,equity_max_sharpe,Equity-only,max_sharpe,Energy,0.16486193230779256
2023-05-02,Equity-Only Maximum Sharpe,equity_max_sharpe,Equity-only,max_sharpe,Financials,2.276270738554299e-15
2023-05-02,Equity-Only Maximum Sharpe,equity_max_sharpe,Equity-only,max_sharpe,Healthcare,0.30726091216938745
2023-05-02,Equity-Only Maximum Sharpe,equity_max_sharpe,Equity-only,max_sharpe,Industrials,0.19525505630762752
2023-05-02,Equity-Only Maximum Sharpe,equity_max_sharpe,Equity-only,max_sharpe,Materials,8.20049863481417e-16
2023-05-02,Equity-Only Maximum Sharpe,equity_max_sharpe,Equity-only,max_sharpe,RealEstate,4.0173830612102006e-16
2023-05-02,Equity-Only Maximum Sharpe,equity_max_sharpe,Equity-only,max_sharpe,Tech,0.0968627430345505
2023-05-02,Equity-Only Maximum Sharpe,equity_max_sharpe,Equity-only,max_sharpe,Utilities,0.061842813780481745
2023-06-02,Equity-Only Maximum Sharpe,equity_max_sharpe,Equity-only,max_sharpe,Comm,0.14910843177341532
2023-06-02,Equity-Only Maximum Sharpe,equity_max_sharpe,Equity-only,max_sharpe,Consumer,0.199999999999999
2023-06-02,Equity-Only Maximum Sharpe,equity_max_sharpe,Equity-only,max_sharpe,Energy,0.0999999999999994
2023-06-02,Equity-Only Maximum Sharpe,equity_max_sharpe,Equity-only,max_sharpe,Financials,0.0
2023-06-02,Equity-Only Maximum Sharpe,equity_max_sharpe,Equity-only,max_sharpe,Healthcare,0.25089156822658776
2023-06-02,Equity-Only Maximum Sharpe,equity_max_sharpe,Equity-only,max_sharpe,Industrials,0.19999999999999882
2023-06-02,Equity-Only Maximum Sharpe,equity_max_sharpe,Equity-only,max_sharpe,Materials,0.0
2023-06-02,Equity-Only Maximum Sharpe,equity_max_sharpe,Equity-only,max_sharpe,RealEstate,0.0
2023-06-02,Equity-Only Maximum Sharpe,equity_max_sharpe,Equity-only,max_sharpe,Tech,0.0999999999999994
2023-06-02,Equity-Only Maximum Sharpe,equity_max_sharpe,Equity-only,max_sharpe,Utilities,0.0
2023-07-05,Equity-Only Maximum Sharpe,equity_max_sharpe,Equity-only,max_sharpe,Comm,0.017409363632412644
2023-07-05,Equity-Only Maximum Sharpe,equity_max_sharpe,Equity-only,max_sharpe,Consumer,0.19999999999999984
2023-07-05,Equity-Only Maximum Sharpe,equity_max_sharpe,Equity-only,max_sharpe,Energy,0.12529701665250786
2023-07-05,Equity-Only Maximum Sharpe,equity_max_sharpe,Equity-only,max_sharpe,Financials,0.057293619715079604
2023-07-05,Equity-Only Maximum Sharpe,equity_max_sharpe,Equity-only,max_sharpe,Healthcare,0.20000000000000012
2023-07-05,Equity-Only Maximum Sharpe,equity_max_sharpe,Equity-only,max_sharpe,Industrials,0.19999999999999982
2023-07-05,Equity-Only Maximum Sharpe,equity_max_sharpe,Equity-only,max_sharpe,Materials,0.0999999999999999
2023-07-05,Equity-Only Maximum Sharpe,equity_max_sharpe,Equity-only,max_sharpe,RealEstate,3.1556549120279187e-17
2023-07-05,Equity-Only Maximum Sharpe,equity_max_sharpe,Equity-only,max_sharpe,Tech,0.10000000000000009
2023-07-05,Equity-Only Maximum Sharpe,equity_max_sharpe,Equity-only,max_sharpe,Utilities,2.8775411160762634e-17
2023-08-02,Equity-Only Maximum Sharpe,equity_max_sharpe,Equity-only,max_sharpe,Comm,0.04077506967424511
2023-08-02,Equity-Only Maximum Sharpe,equity_max_sharpe,Equity-only,max_sharpe,Consumer,0.15009160772042301
2023-08-02,Equity-Only Maximum Sharpe,equity_max_sharpe,Equity-only,max_sharpe,Energy,0.11271473881460294
2023-08-02,Equity-Only Maximum Sharpe,equity_max_sharpe,Equity-only,max_sharpe,Financials,0.0
2023-08-02,Equity-Only Maximum Sharpe,equity_max_sharpe,Equity-only,max_sharpe,Healthcare,0.29598044986815336
2023-08-02,Equity-Only Maximum Sharpe,equity_max_sharpe,Equity-only,max_sharpe,Industrials,0.30000000000000004
2023-08-02,Equity-Only Maximum Sharpe,equity_max_sharpe,Equity-only,max_sharpe,Materials,3.231298818351515e-17
2023-08-02,Equity-Only Maximum Sharpe,equity_max_sharpe,Equity-only,max_sharpe,RealEstate,6.345330526751015e-17
2023-08-02,Equity-Only Maximum Sharpe,equity_max_sharpe,Equity-only,max_sharpe,Tech,0.10043813392257489
2023-08-02,Equity-Only Maximum Sharpe,equity_max_sharpe,Equity-only,max_sharpe,Utilities,3.673958173661845e-17
2023-09-05,Equity-Only Maximum Sharpe,equity_max_sharpe,Equity-only,max_sharpe,Comm,0.0999999999999999
2023-09-05,Equity-Only Maximum Sharpe,equity_max_sharpe,Equity-only,max_sharpe,Consumer,0.10000000000000042
2023-09-05,Equity-Only Maximum Sharpe,equity_max_sharpe,Equity-only,max_sharpe,Energy,0.0999999999999999
2023-09-05,Equity-Only Maximum Sharpe,equity_max_sharpe,Equity-only,max_sharpe,Financials,1.120721018606565e-15
2023-09-05,Equity-Only Maximum Sharpe,equity_max_sharpe,Equity-only,max_sharpe,Healthcare,0.36948476922736795
2023-09-05,Equity-Only Maximum Sharpe,equity_max_sharpe,Equity-only,max_sharpe,Industrials,0.20477915804818148
2023-09-05,Equity-Only Maximum Sharpe,equity_max_sharpe,Equity-only,max_sharpe,Materials,1.5619741639115436e-16
2023-09-05,Equity-Only Maximum Sharpe,equity_max_sharpe,Equity-only,max_sharpe,RealEstate,6.989699007366535e-18
2023-09-05,Equity-Only Maximum Sharpe,equity_max_sharpe,Equity-only,max_sharpe,Tech,0.1257360727244482
2023-09-05,Equity-Only Maximum Sharpe,equity_max_sharpe,Equity-only,max_sharpe,Utilities,1.152007606414347e-16
2023-10-03,Equity-Only Maximum Sharpe,equity_max_sharpe,Equity-only,max_sharpe,Comm,0.09999999999999995
2023-10-03,Equity-Only Maximum Sharpe,equity_max_sharpe,Equity-only,max_sharpe,Consumer,0.10000000000000007
2023-10-03,Equity-Only Maximum Sharpe,equity_max_sharpe,Equity-only,max_sharpe,Energy,0.11536528154856628
2023-10-03,Equity-Only Maximum Sharpe,equity_max_sharpe,Equity-only,max_sharpe,Financials,9.898995486486276e-17
2023-10-03,Equity-Only Maximum Sharpe,equity_max_sharpe,Equity-only,max_sharpe,Healthcare,0.2708470002046873
2023-10-03,Equity-Only Maximum Sharpe,equity_max_sharpe,Equity-only,max_sharpe,Industrials,0.20880128154525454
2023-10-03,Equity-Only Maximum Sharpe,equity_max_sharpe,Equity-only,max_sharpe,Materials,0.004986436701490745
2023-10-03,Equity-Only Maximum Sharpe,equity_max_sharpe,Equity-only,max_sharpe,RealEstate,3.2204592857154664e-17
2023-10-03,Equity-Only Maximum Sharpe,equity_max_sharpe,Equity-only,max_sharpe,Tech,0.20000000000000007
2023-10-03,Equity-Only Maximum Sharpe,equity_max_sharpe,Equity-only,max_sharpe,Utilities,4.883561554141969e-17
2023-11-02,Equity-Only Maximum Sharpe,equity_max_sharpe,Equity-only,max_sharpe,Comm,0.10000000000000007
2023-11-02,Equity-Only Maximum Sharpe,equity_max_sharpe,Equity-only,max_sharpe,Consumer,0.10000000000000007
2023-11-02,Equity-Only Maximum Sharpe,equity_max_sharpe,Equity-only,max_sharpe,Energy,0.02213705457545021
2023-11-02,Equity-Only Maximum Sharpe,equity_max_sharpe,Equity-only,max_sharpe,Financials,9.588528989377701e-17
2023-11-02,Equity-Only Maximum Sharpe,equity_max_sharpe,Equity-only,max_sharpe,Healthcare,0.1806681013871544
2023-11-02,Equity-Only Maximum Sharpe,equity_max_sharpe,Equity-only,max_sharpe,Industrials,0.19287455808666765
2023-11-02,Equity-Only Maximum Sharpe,equity_max_sharpe,Equity-only,max_sharpe,Materials,0.10000000000000002
2023-11-02,Equity-Only Maximum Sharpe,equity_max_sharpe,Equity-only,max_sharpe,RealEstate,8.62026018830751e-17
2023-11-02,Equity-Only Maximum Sharpe,equity_max_sharpe,Equity-only,max_sharpe,Tech,0.204320285950727
2023-11-02,Equity-Only Maximum Sharpe,equity_max_sharpe,Equity-only,max_sharpe,Utilities,0.10000000000000026
2023-12-04,Equity-Only Maximum Sharpe,equity_max_sharpe,Equity-only,max_sharpe,Comm,0.15436102690666723
2023-12-04,Equity-Only Maximum Sharpe,equity_max_sharpe,Equity-only,max_sharpe,Consumer,0.09999999999999987
2023-12-04,Equity-Only Maximum Sharpe,equity_max_sharpe,Equity-only,max_sharpe,Energy,1.3956743472456526e-16
2023-12-04,Equity-Only Maximum Sharpe,equity_max_sharpe,Equity-only,max_sharpe,Financials,0.0999999999999998
2023-12-04,Equity-Only Maximum Sharpe,equity_max_sharpe,Equity-only,max_sharpe,Healthcare,0.06825081080858411
2023-12-04,Equity-Only Maximum Sharpe,equity_max_sharpe,Equity-only,max_sharpe,Industrials,0.1773881622847488
2023-12-04,Equity-Only Maximum Sharpe,equity_max_sharpe,Equity-only,max_sharpe,Materials,1.9251603436780332e-16
2023-12-04,Equity-Only Maximum Sharpe,equity_max_sharpe,Equity-only,max_sharpe,RealEstate,0.0
2023-12-04,Equity-Only Maximum Sharpe,equity_max_sharpe,Equity-only,max_sharpe,Tech,0.2999999999999994
2023-12-04,Equity-Only Maximum Sharpe,equity_max_sharpe,Equity-only,max_sharpe,Utilities,0.0999999999999998
2021-01-05,Equity-Only Minimum Variance,equity_min_variance,Equity-only,min_variance,Comm,0.11045351428665354
2021-01-05,Equity-Only Minimum Variance,equity_min_variance,Equity-only,min_variance,Consumer,0.2361528145394752
2021-01-05,Equity-Only Minimum Variance,equity_min_variance,Equity-only,min_variance,Energy,2.0435974624701803e-16
2021-01-05,Equity-Only Minimum Variance,equity_min_variance,Equity-only,min_variance,Financials,4.611076715733532e-17
2021-01-05,Equity-Only Minimum Variance,equity_min_variance,Equity-only,min_variance,Healthcare,0.3482946497044789
2021-01-05,Equity-Only Minimum Variance,equity_min_variance,Equity-only,min_variance,Industrials,0.09172237368660961
2021-01-05,Equity-Only Minimum Variance,equity_min_variance,Equity-only,min_variance,Materials,0.13709411575530928
2021-01-05,Equity-Only Minimum Variance,equity_min_variance,Equity-only,min_variance,RealEstate,0.07628253202747234
2021-01-05,Equity-Only Minimum Variance,equity_min_variance,Equity-only,min_variance,Tech,5.053484962614644e-16
2021-01-05,Equity-Only Minimum Variance,equity_min_variance,Equity-only,min_variance,Utilities,1.985014143833534e-16
2021-02-02,Equity-Only Minimum Variance,equity_min_variance,Equity-only,min_variance,Comm,0.11830524582130073
2021-02-02,Equity-Only Minimum Variance,equity_min_variance,Equity-only,min_variance,Consumer,0.22802664523777857
2021-02-02,Equity-Only Minimum Variance,equity_min_variance,Equity-only,min_variance,Energy,4.2492802607364045e-17
2021-02-02,Equity-Only Minimum Variance,equity_min_variance,Equity-only,min_variance,Financials,1.168873221971839e-16
2021-02-02,Equity-Only Minimum Variance,equity_min_variance,Equity-only,min_variance,Healthcare,0.3362041669789287
2021-02-02,Equity-Only Minimum Variance,equity_min_variance,Equity-only,min_variance,Industrials,0.10765219493760872
2021-02-02,Equity-Only Minimum Variance,equity_min_variance,Equity-only,min_variance,Materials,0.12818858589588453
2021-02-02,Equity-Only Minimum Variance,equity_min_variance,Equity-only,min_variance,RealEstate,0.08162316112849809
2021-02-02,Equity-Only Minimum Variance,equity_min_variance,Equity-only,min_variance,Tech,1.536909070555808e-17
2021-02-02,Equity-Only Minimum Variance,equity_min_variance,Equity-only,min_variance,Utilities,0.0
2021-03-02,Equity-Only Minimum Variance,equity_min_variance,Equity-only,min_variance,Comm,0.10792353446776401
2021-03-02,Equity-Only Minimum Variance,equity_min_variance,Equity-only,min_variance,Consumer,0.20965896991897331
2021-03-02,Equity-Only Minimum Variance,equity_min_variance,Equity-only,min_variance,Energy,1.336551082944541e-16
2021-03-02,Equity-Only Minimum Variance,equity_min_variance,Equity-only,min_variance,Financials,0.0
2021-03-02,Equity-Only Minimum Variance,equity_min_variance,Equity-only,min_variance,Healthcare,0.33451439206486994
2021-03-02,Equity-Only Minimum Variance,equity_min_variance,Equity-only,min_variance,Industrials,0.09869893102296474
2021-03-02,Equity-Only Minimum Variance,equity_min_variance,Equity-only,min_variance,Materials,0.13212425552209697
2021-03-02,Equity-Only Minimum Variance,equity_min_variance,Equity-only,min_variance,RealEstate,0.11707991700333023
2021-03-02,Equity-Only Minimum Variance,equity_min_variance,Equity-only,min_variance,Tech,1.6701431150976114e-16
2021-03-02,Equity-Only Minimum Variance,equity_min_variance,Equity-only,min_variance,Utilities,3.9338837627078714e-18
2021-04-05,Equity-Only Minimum Variance,equity_min_variance,Equity-only,min_variance,Comm,0.2631606818273362
2021-04-05,Equity-Only Minimum Variance,equity_min_variance,Equity-only,min_variance,Consumer,0.23853860080649217
2021-04-05,Equity-Only Minimum Variance,equity_min_variance,Equity-only,min_variance,Energy,5.875293950042882e-17
2021-04-05,Equity-Only Minimum Variance,equity_min_variance,Equity-only,min_variance,Financials,2.800531690368942e-17
2021-04-05,Equity-Only Minimum Variance,equity_min_variance,Equity-only,min_variance,Healthcare,0.2094870994957045
2021-04-05,Equity-Only Minimum Variance,equity_min_variance,Equity-only,min_variance,Industrials,0.10498248701839262
2021-04-05,Equity-Only Minimum Variance,equity_min_variance,Equity-only,min_variance,Materials,0.0006559919387301275
2021-04-05,Equity-Only Minimum Variance,equity_min_variance,Equity-only,min_variance,RealEstate,0.12366195300654874
2021-04-05,Equity-Only Minimum Variance,equity_min_variance,Equity-only,min_variance,Tech,3.4099317095919956e-17
2021-04-05,Equity-Only Minimum Variance,equity_min_variance,Equity-only,min_variance,Utilities,0.05951318590679482
2021-05-04,Equity-Only Minimum Variance,equity_min_variance,Equity-only,min_variance,Comm,0.2387846283192863
2021-05-04,Equity-Only Minimum Variance,equity_min_variance,Equity-only,min_variance,Consumer,0.23131473623037435
2021-05-04,Equity-Only Minimum Variance,equity_min_variance,Equity-only,min_variance,Energy,9.601154165263803e-17
2021-05-04,Equity-Only Minimum Variance,equity_min_variance,Equity-only,min_variance,Financials,5.495454492602826e-17
2021-05-04,Equity-Only Minimum Variance,equity_min_variance,Equity-only,min_variance,Healthcare,0.23843807705495834
2021-05-04,Equity-Only Minimum Variance,equity_min_variance,Equity-only,min_variance,Industrials,0.07080797160041284
2021-05-04,Equity-Only Minimum Variance,equity_min_variance,Equity-only,min_variance,Materials,0.0017019865408764762
2021-05-04,Equity-Only Minimum Variance,equity_min_variance,Equity-only,min_variance,RealEstate,0.06593051568635426
2021-05-04,Equity-Only Minimum Variance,equity_min_variance,Equity-only,min_variance,Tech,1.3631153928182198e-16
2021-05-04,Equity-Only Minimum Variance,equity_min_variance,Equity-only,min_variance,Utilities,0.1530220845677367
2021-06-02,Equity-Only Minimum Variance,equity_min_variance,Equity-only,min_variance,Comm,0.2356350100221189
2021-06-02,Equity-Only Minimum Variance,equity_min_variance,Equity-only,min_variance,Consumer,0.2106611879545394
2021-06-02,Equity-Only Minimum Variance,equity_min_variance,Equity-only,min_variance,Energy,7.553183939032593e-17
2021-06-02,Equity-Only Minimum Variance,equity_min_variance,Equity-only,min_variance,Financials,7.382574530460133e-17
2021-06-02,Equity-Only Minimum Variance,equity_min_variance,Equity-only,min_variance,Healthcare,0.2253443006192281
2021-06-02,Equity-Only Minimum Variance,equity_min_variance,Equity-only,min_variance,Industrials,0.08498806265083192
2021-06-02,Equity-Only Minimum Variance,equity_min_variance,Equity-only,min_variance,Materials,3.775134611699809e-17
2021-06-02,Equity-Only Minimum Variance,equity_min_variance,Equity-only,min_variance,RealEstate,0.08910051517675732
2021-06-02,Equity-Only Minimum Variance,equity_min_variance,Equity-only,min_variance,Tech,4.1870611249217417e-17
2021-06-02,Equity-Only Minimum Variance,equity_min_variance,Equity-only,min_variance,Utilities,0.1542709235765238
2021-07-02,Equity-Only Minimum Variance,equity_min_variance,Equity-only,min_variance,Comm,0.2378776635583625
2021-07-02,Equity-Only Minimum Variance,equity_min_variance,Equity-only,min_variance,Consumer,0.17954174718334748
2021-07-02,Equity-Only Minimum Variance,equity_min_variance,Equity-only,min_variance,Energy,1.9279887363634004e-17
2021-07-02,Equity-Only Minimum Variance,equity_min_variance,Equity-only,min_variance,Financials,0.020859484986889134
2021-07-02,Equity-Only Minimum Variance,equity_min_variance,Equity-only,min_variance,Healthcare,0.20539166505140233
2021-07-02,Equity-Only Minimum Variance,equity_min_variance,Equity-only,min_variance,Industrials,0.09462522843622506
2021-07-02,Equity-Only Minimum Variance,equity_min_variance,Equity-only,min_variance,Materials,2.0547005308587434e-17
2021-07-02,Equity-Only Minimum Variance,equity_min_variance,Equity-only,min_variance,RealEstate,0.15850936841088406
2021-07-02,Equity-Only Minimum Variance,equity_min_variance,Equity-only,min_variance,Tech,0.007271206665598225
2021-07-02,Equity-Only Minimum Variance,equity_min_variance,Equity-only,min_variance,Utilities,0.09592363570729047
2021-08-03,Equity-Only Minimum Variance,equity_min_variance,Equity-only,min_variance,Comm,0.24355583226871882
2021-08-03,Equity-Only Minimum Variance,equity_min_variance,Equity-only,min_variance,Consumer,0.1730534884938974
2021-08-03,Equity-Only Minimum Variance,equity_min_variance,Equity-only,min_variance,Energy,3.795675126734038e-17
2021-08-03,Equity-Only Minimum Variance,equity_min_variance,Equity-only,min_variance,Financials,0.022522774467508652
2021-08-03,Equity-Only Minimum Variance,equity_min_variance,Equity-only,min_variance,Healthcare,0.20913332944496238
2021-08-03,Equity-Only Minimum Variance,equity_min_variance,Equity-only,min_variance,Industrials,0.0881161811067119
2021-08-03,Equity-Only Minimum Variance,equity_min_variance,Equity-only,min_variance,Materials,6.922912909995564e-17
2021-08-03,Equity-Only Minimum Variance,equity_min_variance,Equity-only,min_variance,RealEstate,0.1699069749427659
2021-08-03,Equity-Only Minimum Variance,equity_min_variance,Equity-only,min_variance,Tech,0.0020039240880688177
2021-08-03,Equity-Only Minimum Variance,equity_min_variance,Equity-only,min_variance,Utilities,0.09170749518736541
2021-09-02,Equity-Only Minimum Variance,equity_min_variance,Equity-only,min_variance,Comm,0.24258912292772192
2021-09-02,Equity-Only Minimum Variance,equity_min_variance,Equity-only,min_variance,Consumer,0.1701585795183018
2021-09-02,Equity-Only Minimum Variance,equity_min_variance,Equity-only,min_variance,Energy,1.928299844314557e-17
2021-09-02,Equity-Only Minimum Variance,equity_min_variance,Equity-only,min_variance,Financials,0.031211191855891114
2021-09-02,Equity-Only Minimum Variance,equity_min_variance,Equity-only,min_variance,Healthcare,0.18091453502119131
2021-09-02,Equity-Only Minimum Variance,equity_min_variance,Equity-only,min_variance,Industrials,0.07845780179779367
2021-09-02,Equity-Only Minimum Variance,equity_min_variance,Equity-only,min_variance,Materials,1.504110353916435e-17
2021-09-02,Equity-Only Minimum Variance,equity_min_variance,Equity-only,min_variance,RealEstate,0.18547711223163973
2021-09-02,Equity-Only Minimum Variance,equity_min_variance,Equity-only,min_variance,Tech,0.011082035291086947
2021-09-02,Equity-Only Minimum Variance,equity_min_variance,Equity-only,min_variance,Utilities,0.10010962135637283
2021-10-04,Equity-Only Minimum Variance,equity_min_variance,Equity-only,min_variance,Comm,0.2207562734626462
2021-10-04,Equity-Only Minimum Variance,equity_min_variance,Equity-only,min_variance,Consumer,0.15629584859054949
2021-10-04,Equity-Only Minimum Variance,equity_min_variance,Equity-only,min_variance,Energy,0.004515183712296401
2021-10-04,Equity-Only Minimum Variance,equity_min_variance,Equity-only,min_variance,Financials,0.04415020199005061
2021-10-04,Equity-Only Minimum Variance,equity_min_variance,Equity-only,min_variance,Healthcare,0.18562486738251444
2021-10-04,Equity-Only Minimum Variance,equity_min_variance,Equity-only,min_variance,Industrials,0.08285973577131503
2021-10-04,Equity-Only Minimum Variance,equity_min_variance,Equity-only,min_variance,Materials,0.0008494426375483032
2021-10-04,Equity-Only Minimum Variance,equity_min_variance,Equity-only,min_variance,RealEstate,0.18546310145777334
2021-10-04,Equity-Only Minimum Variance,equity_min_variance,Equity-only,min_variance,Tech,0.021729487959344408
2021-10-04,Equity-Only Minimum Variance,equity_min_variance,Equity-only,min_variance,Utilities,0.09775585703596083
2021-11-02,Equity-Only Minimum Variance,equity_min_variance,Equity-only,min_variance,Comm,0.1910009683496974
2021-11-02,Equity-Only Minimum Variance,equity_min_variance,Equity-only,min_variance,Consumer,0.18509014460616421
2021-11-02,Equity-Only Minimum Variance,equity_min_variance,Equity-only,min_variance,Energy,0.0048380849002871
2021-11-02,Equity-Only Minimum Variance,equity_min_variance,Equity-only,min_variance,Financials,0.06295312816211493
2021-11-02,Equity-Only Minimum Variance,equity_min_variance,Equity-only,min_variance,Healthcare,0.18965902149627345
2021-11-02,Equity-Only Minimum Variance,equity_min_variance,Equity-only,min_variance,Industrials,0.07080779663289573
2021-11-02,Equity-Only Minimum Variance,equity_min_variance,Equity-only,min_variance,Materials,0.001207715796838927
2021-11-02,Equity-Only Minimum Variance,equity_min_variance,Equity-only,min_variance,RealEstate,0.15792737774380794
2021-11-02,Equity-Only Minimum Variance,equity_min_variance,Equity-only,min_variance,Tech,0.03532357370399652
2021-11-02,Equity-Only Minimum Variance,equity_min_variance,Equity-only,min_variance,Utilities,0.10119218860792271
2021-12-02,Equity-Only Minimum Variance,equity_min_variance,Equity-only,min_variance,Comm,0.177975841715652
2021-12-02,Equity-Only Minimum Variance,equity_min_variance,Equity-only,min_variance,Consumer,0.16243048319983489
2021-12-02,Equity-Only Minimum Variance,equity_min_variance,Equity-only,min_variance,Energy,0.02630068930010012
2021-12-02,Equity-Only Minimum Variance,equity_min_variance,Equity-only,min_variance,Financials,0.051581183975122555
2021-12-02,Equity-Only Minimum Variance,equity_min_variance,Equity-only,min_variance,Healthcare,0.1819242152027479
2021-12-02,Equity-Only Minimum Variance,equity_min_variance,Equity-only,min_variance,Industrials,0.06370989433760033
2021-12-02,Equity-Only Minimum Variance,equity_min_variance,Equity-only,min_variance,Materials,0.04175967123505365
2021-12-02,Equity-Only Minimum Variance,equity_min_variance,Equity-only,min_variance,RealEstate,0.13163837795329783
2021-12-02,Equity-Only Minimum Variance,equity_min_variance,Equity-only,min_variance,Tech,0.03209947639189451
2021-12-02,Equity-Only Minimum Variance,equity_min_variance,Equity-only,min_variance,Utilities,0.13058016668869502
2022-01-04,Equity-Only Minimum Variance,equity_min_variance,Equity-only,min_variance,Comm,0.1525788925659574
2022-01-04,Equity-Only Minimum Variance,equity_min_variance,Equity-only,min_variance,Consumer,0.17216232459123082
2022-01-04,Equity-Only Minimum Variance,equity_min_variance,Equity-only,min_variance,Energy,0.021927722291300824
2022-01-04,Equity-Only Minimum Variance,equity_min_variance,Equity-only,min_variance,Financials,0.044654042970958915
2022-01-04,Equity-Only Minimum Variance,equity_min_variance,Equity-only,min_variance,Healthcare,0.2089811498436985
2022-01-04,Equity-Only Minimum Variance,equity_min_variance,Equity-only,min_variance,Industrials,0.0797043780163057
2022-01-04,Equity-Only Minimum Variance,equity_min_variance,Equity-only,min_variance,Materials,0.02155442757216402
2022-01-04,Equity-Only Minimum Variance,equity_min_variance,Equity-only,min_variance,RealEstate,0.12089005265147942
2022-01-04,Equity-Only Minimum Variance,equity_min_variance,Equity-only,min_variance,Tech,0.04152252470020911
2022-01-04,Equity-Only Minimum Variance,equity_min_variance,Equity-only,min_variance,Utilities,0.1360244847966942
2022-02-02,Equity-Only Minimum Variance,equity_min_variance,Equity-only,min_variance,Comm,0.1037106819380688
2022-02-02,Equity-Only Minimum Variance,equity_min_variance,Equity-only,min_variance,Consumer,0.1799508788334444
2022-02-02,Equity-Only Minimum Variance,equity_min_variance,Equity-only,min_variance,Energy,0.07630231046740585
2022-02-02,Equity-Only Minimum Variance,equity_min_variance,Equity-only,min_variance,Financials,0.023696487753371017
2022-02-02,Equity-Only Minimum Variance,equity_min_variance,Equity-only,min_variance,Healthcare,0.2145225916336738
2022-02-02,Equity-Only Minimum Variance,equity_min_variance,Equity-only,min_variance,Industrials,0.03617708481341701
2022-02-02,Equity-Only Minimum Variance,equity_min_variance,Equity-only,min_variance,Materials,0.024193885058261706
2022-02-02,Equity-Only Minimum Variance,equity_min_variance,Equity-only,min_variance,RealEstate,0.11278774026234491
2022-02-02,Equity-Only Minimum Variance,equity_min_variance,Equity-only,min_variance,Tech,0.029121867583669702
2022-02-02,Equity-Only Minimum Variance,equity_min_variance,Equity-only,min_variance,Utilities,0.19953647165634122
2022-03-02,Equity-Only Minimum Variance,equity_min_variance,Equity-only,min_variance,Comm,0.10864553415858233
2022-03-02,Equity-Only Minimum Variance,equity_min_variance,Equity-only,min_variance,Consumer,0.3109534425618426
2022-03-02,Equity-Only Minimum Variance,equity_min_variance,Equity-only,min_variance,Energy,0.0627314983997166
2022-03-02,Equity-Only Minimum Variance,equity_min_variance,Equity-only,min_variance,Financials,0.01222295324438364
2022-03-02,Equity-Only Minimum Variance,equity_min_variance,Equity-only,min_variance,Healthcare,0.23583659107658544
2022-03-02,Equity-Only Minimum Variance,equity_min_variance,Equity-only,min_variance,Industrials,0.025062746823288136
2022-03-02,Equity-Only Minimum Variance,equity_min_variance,Equity-only,min_variance,Materials,0.0215756067777632
2022-03-02,Equity-Only Minimum Variance,equity_min_variance,Equity-only,min_variance,RealEstate,0.07502052708013719
2022-03-02,Equity-Only Minimum Variance,equity_min_variance,Equity-only,min_variance,Tech,0.010180663857922418
2022-03-02,Equity-Only Minimum Variance,equity_min_variance,Equity-only,min_variance,Utilities,0.13777043601977723
2022-04-04,Equity-Only Minimum Variance,equity_min_variance,Equity-only,min_variance,Comm,0.12316010669205729
2022-04-04,Equity-Only Minimum Variance,equity_min_variance,Equity-only,min_variance,Consumer,0.2658833598986995
2022-04-04,Equity-Only Minimum Variance,equity_min_variance,Equity-only,min_variance,Energy,0.08616240641508123
2022-04-04,Equity-Only Minimum Variance,equity_min_variance,Equity-only,min_variance,Financials,5.49169364371364e-17
2022-04-04,Equity-Only Minimum Variance,equity_min_variance,Equity-only,min_variance,Healthcare,0.23866017764864494
2022-04-04,Equity-Only Minimum Variance,equity_min_variance,Equity-only,min_variance,Industrials,0.028038872235078907
2022-04-04,Equity-Only Minimum Variance,equity_min_variance,Equity-only,min_variance,Materials,0.04345522234504004
2022-04-04,Equity-Only Minimum Variance,equity_min_variance,Equity-only,min_variance,RealEstate,0.0565369809798151
2022-04-04,Equity-Only Minimum Variance,equity_min_variance,Equity-only,min_variance,Tech,0.014857964304247209
2022-04-04,Equity-Only Minimum Variance,equity_min_variance,Equity-only,min_variance,Utilities,0.1432449094813349
2022-05-03,Equity-Only Minimum Variance,equity_min_variance,Equity-only,min_variance,Comm,0.13281812643213942
2022-05-03,Equity-Only Minimum Variance,equity_min_variance,Equity-only,min_variance,Consumer,0.25774915981133056
2022-05-03,Equity-Only Minimum Variance,equity_min_variance,Equity-only,min_variance,Energy,0.06458673152959862
2022-05-03,Equity-Only Minimum Variance,equity_min_variance,Equity-only,min_variance,Financials,2.6893924000025042e-17
2022-05-03,Equity-Only Minimum Variance,equity_min_variance,Equity-only,min_variance,Healthcare,0.21196042036551394
2022-05-03,Equity-Only Minimum Variance,equity_min_variance,Equity-only,min_variance,Industrials,0.043108888258686515
2022-05-03,Equity-Only Minimum Variance,equity_min_variance,Equity-only,min_variance,Materials,0.1161748786384964
2022-05-03,Equity-Only Minimum Variance,equity_min_variance,Equity-only,min_variance,RealEstate,2.1942318025305183e-17
2022-05-03,Equity-Only Minimum Variance,equity_min_variance,Equity-only,min_variance,Tech,0.016337773714153517
2022-05-03,Equity-Only Minimum Variance,equity_min_variance,Equity-only,min_variance,Utilities,0.15726402125008035
2022-06-02,Equity-Only Minimum Variance,equity_min_variance,Equity-only,min_variance,Comm,0.1187964889782106
2022-06-02,Equity-Only Minimum Variance,equity_min_variance,Equity-only,min_variance,Consumer,0.1433864096079981
2022-06-02,Equity-Only Minimum Variance,equity_min_variance,Equity-only,min_variance,Energy,0.03616885661615235
2022-06-02,Equity-Only Minimum Variance,equity_min_variance,Equity-only,min_variance,Financials,5.330992504242636e-17
2022-06-02,Equity-Only Minimum Variance,equity_min_variance,Equity-only,min_variance,Healthcare,0.34541402659113735
2022-06-02,Equity-Only Minimum Variance,equity_min_variance,Equity-only,min_variance,Industrials,0.018092474082725126
2022-06-02,Equity-Only Minimum Variance,equity_min_variance,Equity-only,min_variance,Materials,0.11573592505494301
2022-06-02,Equity-Only Minimum Variance,equity_min_variance,Equity-only,min_variance,RealEstate,5.428157334339731e-17
2022-06-02,Equity-Only Minimum Variance,equity_min_variance,Equity-only,min_variance,Tech,0.0077881834950411155
2022-06-02,Equity-Only Minimum Variance,equity_min_variance,Equity-only,min_variance,Utilities,0.2146176355737916
2022-07-05,Equity-Only Minimum Variance,equity_min_variance,Equity-only,min_variance,Comm,0.1186197145270821
2022-07-05,Equity-Only Minimum Variance,equity_min_variance,Equity-only,min_variance,Consumer,0.1936602651401636
2022-07-05,Equity-Only Minimum Variance,equity_min_variance,Equity-only,min_variance,Energy,0.047278243932611444
2022-07-05,Equity-Only Minimum Variance,equity_min_variance,Equity-only,min_variance,Financials,5.409849206648666e-17
2022-07-05,Equity-Only Minimum Variance,equity_min_variance,Equity-only,min_variance,Healthcare,0.350518334019163
2022-07-05,Equity-Only Minimum Variance,equity_min_variance,Equity-only,min_variance,Industrials,0.019143008672087507
2022-07-05,Equity-Only Minimum Variance,equity_min_variance,Equity-only,min_variance,Materials,0.08902155970628725
2022-07-05,Equity-Only Minimum Variance,equity_min_variance,Equity-only,min_variance,RealEstate,2.956411332276881e-18
2022-07-05,Equity-Only Minimum Variance,equity_min_variance,Equity-only,min_variance,Tech,8.701213193245293e-17
2022-07-05,Equity-Only Minimum Variance,equity_min_variance,Equity-only,min_variance,Utilities,0.18175887400260424
2022-08-02,Equity-Only Minimum Variance,equity_min_variance,Equity-only,min_variance,Comm,0.12295584433606903
2022-08-02,Equity-Only Minimum Variance,equity_min_variance,Equity-only,min_variance,Consumer,0.1869941084511521
2022-08-02,Equity-Only Minimum Variance,equity_min_variance,Equity-only,min_variance,Energy,0.048029204668395206
2022-08-02,Equity-Only Minimum Variance,equity_min_variance,Equity-only,min_variance,Financials,5.343641971894894e-17
2022-08-02,Equity-Only Minimum Variance,equity_min_variance,Equity-only,min_variance,Healthcare,0.3606680872625514
2022-08-02,Equity-Only Minimum Variance,equity_min_variance,Equity-only,min_variance,Industrials,0.032104266607386675
2022-08-02,Equity-Only Minimum Variance,equity_min_variance,Equity-only,min_variance,Materials,0.0824572719897474
2022-08-02,Equity-Only Minimum Variance,equity_min_variance,Equity-only,min_variance,RealEstate,9.407747974975233e-17
2022-08-02,Equity-Only Minimum Variance,equity_min_variance,Equity-only,min_variance,Tech,6.737232399778582e-17
2022-08-02,Equity-Only Minimum Variance,equity_min_variance,Equity-only,min_variance,Utilities,0.1667912166846972
2022-09-02,Equity-Only Minimum Variance,equity_min_variance,Equity-only,min_variance,Comm,0.114083422455975
2022-09-02,Equity-Only Minimum Variance,equity_min_variance,Equity-only,min_variance,Consumer,0.1613616260163025
2022-09-02,Equity-Only Minimum Variance,equity_min_variance,Equity-only,min_variance,Energy,0.07396821197117483
2022-09-02,Equity-Only Minimum Variance,equity_min_variance,Equity-only,min_variance,Financials,7.010141851104492e-17
2022-09-02,Equity-Only Minimum Variance,equity_min_variance,Equity-only,min_variance,Healthcare,0.3946084660903836
2022-09-02,Equity-Only Minimum Variance,equity_min_variance,Equity-only,min_variance,Industrials,0.004225851224987036
2022-09-02,Equity-Only Minimum Variance,equity_min_variance,Equity-only,min_variance,Materials,0.08521312460597581
2022-09-02,Equity-Only Minimum Variance,equity_min_variance,Equity-only,min_variance,RealEstate,0.0190612196894098
2022-09-02,Equity-Only Minimum Variance,equity_min_variance,Equity-only,min_variance,Tech,4.543595100252842e-17
2022-09-02,Equity-Only Minimum Variance,equity_min_variance,Equity-only,min_variance,Utilities,0.14747807794579074
2022-10-04,Equity-Only Minimum Variance,equity_min_variance,Equity-only,min_variance,Comm,0.10832470381494148
2022-10-04,Equity-Only Minimum Variance,equity_min_variance,Equity-only,min_variance,Consumer,0.17869600810778072
2022-10-04,Equity-Only Minimum Variance,equity_min_variance,Equity-only,min_variance,Energy,0.07774402107270537
2022-10-04,Equity-Only Minimum Variance,equity_min_variance,Equity-only,min_variance,Financials,4.1797315544639624e-18
2022-10-04,Equity-Only Minimum Variance,equity_min_variance,Equity-only,min_variance,Healthcare,0.41405486302657735
2022-10-04,Equity-Only Minimum Variance,equity_min_variance,Equity-only,min_variance,Industrials,0.021389780198812876
2022-10-04,Equity-Only Minimum Variance,equity_min_variance,Equity-only,min_variance,Materials,0.06917494202410984
2022-10-04,Equity-Only Minimum Variance,equity_min_variance,Equity-only,min_variance,RealEstate,0.07275842807943843
2022-10-04,Equity-Only Minimum Variance,equity_min_variance,Equity-only,min_variance,Tech,0.0
2022-10-04,Equity-Only Minimum Variance,equity_min_variance,Equity-only,min_variance,Utilities,0.0578572536756332
2022-11-02,Equity-Only Minimum Variance,equity_min_variance,Equity-only,min_variance,Comm,0.12529395430822843
2022-11-02,Equity-Only Minimum Variance,equity_min_variance,Equity-only,min_variance,Consumer,0.19265387196285583
2022-11-02,Equity-Only Minimum Variance,equity_min_variance,Equity-only,min_variance,Energy,0.07153646773148548
2022-11-02,Equity-Only Minimum Variance,equity_min_variance,Equity-only,min_variance,Financials,6.548490658695541e-17
2022-11-02,Equity-Only Minimum Variance,equity_min_variance,Equity-only,min_variance,Healthcare,0.4369236991149074
2022-11-02,Equity-Only Minimum Variance,equity_min_variance,Equity-only,min_variance,Industrials,0.016095373430969506
2022-11-02,Equity-Only Minimum Variance,equity_min_variance,Equity-only,min_variance,Materials,0.055309668048577634
2022-11-02,Equity-Only Minimum Variance,equity_min_variance,Equity-only,min_variance,RealEstate,0.0827745145573533
2022-11-02,Equity-Only Minimum Variance,equity_min_variance,Equity-only,min_variance,Tech,2.0108401324728453e-16
2022-11-02,Equity-Only Minimum Variance,equity_min_variance,Equity-only,min_variance,Utilities,0.019412450845621373
2022-12-02,Equity-Only Minimum Variance,equity_min_variance,Equity-only,min_variance,Comm,0.14208120595830265
2022-12-02,Equity-Only Minimum Variance,equity_min_variance,Equity-only,min_variance,Consumer,0.20690220897819575
2022-12-02,Equity-Only Minimum Variance,equity_min_variance,Equity-only,min_variance,Energy,0.07610316003928713
2022-12-02,Equity-Only Minimum Variance,equity_min_variance,Equity-only,min_variance,Financials,4.002528192986825e-17
2022-12-02,Equity-Only Minimum Variance,equity_min_variance,Equity-only,min_variance,Healthcare,0.500707515387227
2022-12-02,Equity-Only Minimum Variance,equity_min_variance,Equity-only,min_variance,Industrials,7.09705930703308e-18
2022-12-02,Equity-Only Minimum Variance,equity_min_variance,Equity-only,min_variance,Materials,0.015206770127009842
2022-12-02,Equity-Only Minimum Variance,equity_min_variance,Equity-only,min_variance,RealEstate,0.04204764964307226
2022-12-02,Equity-Only Minimum Variance,equity_min_variance,Equity-only,min_variance,Tech,1.5105466815197025e-16
2022-12-02,Equity-Only Minimum Variance,equity_min_variance,Equity-only,min_variance,Utilities,0.01695148986690412
2023-01-04,Equity-Only Minimum Variance,equity_min_variance,Equity-only,min_variance,Comm,0.14383017539916723
2023-01-04,Equity-Only Minimum Variance,equity_min_variance,Equity-only,min_variance,Consumer,0.19913528979486403
2023-01-04,Equity-Only Minimum Variance,equity_min_variance,Equity-only,min_variance,Energy,0.06095132695440392
2023-01-04,Equity-Only Minimum Variance,equity_min_variance,Equity-only,min_variance,Financials,5.626567756153932e-18
2023-01-04,Equity-Only Minimum Variance,equity_min_variance,Equity-only,min_variance,Healthcare,0.48603350149810165
2023-01-04,Equity-Only Minimum Variance,equity_min_variance,Equity-only,min_variance,Industrials,8.139768625394613e-17
2023-01-04,Equity-Only Minimum Variance,equity_min_variance,Equity-only,min_variance,Materials,0.014800085538384727
2023-01-04,Equity-Only Minimum Variance,equity_min_variance,Equity-only,min_variance,RealEstate,0.06072039356217523
2023-01-04,Equity-Only Minimum Variance,equity_min_variance,Equity-only,min_variance,Tech,1.2397093459066247e-16
2023-01-04,Equity-Only Minimum Variance,equity_min_variance,Equity-only,min_variance,Utilities,0.03452922725290226
2023-02-02,Equity-Only Minimum Variance,equity_min_variance,Equity-only,min_variance,Comm,0.18583273334275113
2023-02-02,Equity-Only Minimum Variance,equity_min_variance,Equity-only,min_variance,Consumer,0.17847802875815438
2023-02-02,Equity-Only Minimum Variance,equity_min_variance,Equity-only,min_variance,Energy,0.05851994344173422
2023-02-02,Equity-Only Minimum Variance,equity_min_variance,Equity-only,min_variance,Financials,1.6950030881827255e-16
2023-02-02,Equity-Only Minimum Variance,equity_min_variance,Equity-only,min_variance,Healthcare,0.45589311664831755
2023-02-02,Equity-Only Minimum Variance,equity_min_variance,Equity-only,min_variance,Industrials,1.7430453238631303e-16
2023-02-02,Equity-Only Minimum Variance,equity_min_variance,Equity-only,min_variance,Materials,0.007089824604842425
2023-02-02,Equity-Only Minimum Variance,equity_min_variance,Equity-only,min_variance,RealEstate,0.0736324875240709
2023-02-02,Equity-Only Minimum Variance,equity_min_variance,Equity-only,min_variance,Tech,2.5510137737181867e-16
2023-02-02,Equity-Only Minimum Variance,equity_min_variance,Equity-only,min_variance,Utilities,0.0405538656801281
2023-03-02,Equity-Only Minimum Variance,equity_min_variance,Equity-only,min_variance,Comm,0.1651128395479099
2023-03-02,Equity-Only Minimum Variance,equity_min_variance,Equity-only,min_variance,Consumer,0.1783089342930156
2023-03-02,Equity-Only Minimum Variance,equity_min_variance,Equity-only,min_variance,Energy,0.060973716888403265
2023-03-02,Equity-Only Minimum Variance,equity_min_variance,Equity-only,min_variance,Financials,4.203824256833451e-17
2023-03-02,Equity-Only Minimum Variance,equity_min_variance,Equity-only,min_variance,Healthcare,0.4550803300999321
2023-03-02,Equity-Only Minimum Variance,equity_min_variance,Equity-only,min_variance,Industrials,1.5341963603593377e-16
2023-03-02,Equity-Only Minimum Variance,equity_min_variance,Equity-only,min_variance,Materials,0.0009367256833451716
2023-03-02,Equity-Only Minimum Variance,equity_min_variance,Equity-only,min_variance,RealEstate,0.08650019123338734
2023-03-02,Equity-Only Minimum Variance,equity_min_variance,Equity-only,min_variance,Tech,4.3120119640275065e-17
2023-03-02,Equity-Only Minimum Variance,equity_min_variance,Equity-only,min_variance,Utilities,0.053087262254005806
2023-04-04,Equity-Only Minimum Variance,equity_min_variance,Equity-only,min_variance,Comm,0.17997202581849742
2023-04-04,Equity-Only Minimum Variance,equity_min_variance,Equity-only,min_variance,Consumer,0.24001751561644552
2023-04-04,Equity-Only Minimum Variance,equity_min_variance,Equity-only,min_variance,Energy,0.04189835160809515
2023-04-04,Equity-Only Minimum Variance,equity_min_variance,Equity-only,min_variance,Financials,1.008702709914373e-16
2023-04-04,Equity-Only Minimum Variance,equity_min_variance,Equity-only,min_variance,Healthcare,0.4350164310838933
2023-04-04,Equity-Only Minimum Variance,equity_min_variance,Equity-only,min_variance,Industrials,1.604106720925104e-16
2023-04-04,Equity-Only Minimum Variance,equity_min_variance,Equity-only,min_variance,Materials,0.005548558275805807
2023-04-04,Equity-Only Minimum Variance,equity_min_variance,Equity-only,min_variance,RealEstate,0.07280245673001351
2023-04-04,Equity-Only Minimum Variance,equity_min_variance,Equity-only,min_variance,Tech,7.473421341112471e-17
2023-04-04,Equity-Only Minimum Variance,equity_min_variance,Equity-only,min_variance,Utilities,0.024744660867248115
2023-05-02,Equity-Only Minimum Variance,equity_min_variance,Equity-only,min_variance,Comm,0.13741926882025066
2023-05-02,Equity-Only Minimum Variance,equity_min_variance,Equity-only,min_variance,Consumer,0.27374537718624337
2023-05-02,Equity-Only Minimum Variance,equity_min_variance,Equity-only,min_variance,Energy,0.04164219968232687
2023-05-02,Equity-Only Minimum Variance,equity_min_variance,Equity-only,min_variance,Financials,5.213716084954224e-17
2023-05-02,Equity-Only Minimum Variance,equity_min_variance,Equity-only,min_variance,Healthcare,0.4330276380262214
2023-05-02,Equity-Only Minimum Variance,equity_min_variance,Equity-only,min_variance,Industrials,2.088902393652556e-17
2023-05-02,Equity-Only Minimum Variance,equity_min_variance,Equity-only,min_variance,Materials,0.004394604823458941
2023-05-02,Equity-Only Minimum Variance,equity_min_variance,Equity-only,min_variance,RealEstate,0.1025404393984578
2023-05-02,Equity-Only Minimum Variance,equity_min_variance,Equity-only,min_variance,Tech,3.1289398672480055e-16
2023-05-02,Equity-Only Minimum Variance,equity_min_variance,Equity-only,min_variance,Utilities,0.007230472063040051
2023-06-02,Equity-Only Minimum Variance,equity_min_variance,Equity-only,min_variance,Comm,0.14839104692727664
2023-06-02,Equity-Only Minimum Variance,equity_min_variance,Equity-only,min_variance,Consumer,0.43932413609523235
2023-06-02,Equity-Only Minimum Variance,equity_min_variance,Equity-only,min_variance,Energy,0.03993140679505226
2023-06-02,Equity-Only Minimum Variance,equity_min_variance,Equity-only,min_variance,Financials,4.000204431671933e-17
2023-06-02,Equity-Only Minimum Variance,equity_min_variance,Equity-only,min_variance,Healthcare,0.2875761202092928
2023-06-02,Equity-Only Minimum Variance,equity_min_variance,Equity-only,min_variance,Industrials,8.236555591598119e-17
2023-06-02,Equity-Only Minimum Variance,equity_min_variance,Equity-only,min_variance,Materials,6.604437840649789e-17
2023-06-02,Equity-Only Minimum Variance,equity_min_variance,Equity-only,min_variance,RealEstate,0.08477728997314515
2023-06-02,Equity-Only Minimum Variance,equity_min_variance,Equity-only,min_variance,Tech,7.421282823106516e-17
2023-06-02,Equity-Only Minimum Variance,equity_min_variance,Equity-only,min_variance,Utilities,1.0974328332235578e-16
2023-07-05,Equity-Only Minimum Variance,equity_min_variance,Equity-only,min_variance,Comm,0.20079713581269398
2023-07-05,Equity-Only Minimum Variance,equity_min_variance,Equity-only,min_variance,Consumer,0.37797968314313013
2023-07-05,Equity-Only Minimum Variance,equity_min_variance,Equity-only,min_variance,Energy,0.02825987427987093
2023-07-05,Equity-Only Minimum Variance,equity_min_variance,Equity-only,min_variance,Financials,1.4739900820325836e-17
2023-07-05,Equity-Only Minimum Variance,equity_min_variance,Equity-only,min_variance,Healthcare,0.2759043962302533
2023-07-05,Equity-Only Minimum Variance,equity_min_variance,Equity-only,min_variance,Industrials,1.295356993393946e-16
2023-07-05,Equity-Only Minimum Variance,equity_min_variance,Equity-only,min_variance,Materials,4.432953591732427e-17
2023-07-05,Equity-Only Minimum Variance,equity_min_variance,Equity-only,min_variance,RealEstate,0.11705891053405072
2023-07-05,Equity-Only Minimum Variance,equity_min_variance,Equity-only,min_variance,Tech,1.5633477566287264e-17
2023-07-05,Equity-Only Minimum Variance,equity_min_variance,Equity-only,min_variance,Utilities,8.047571260676523e-17
2023-08-02,Equity-Only Minimum Variance,equity_min_variance,Equity-only,min_variance,Comm,0.1968371464222343
2023-08-02,Equity-Only Minimum Variance,equity_min_variance,Equity-only,min_variance,Consumer,0.3711096088351308
2023-08-02,Equity-Only Minimum Variance,equity_min_variance,Equity-only,min_variance,Energy,0.034126964718614525
2023-08-02,Equity-Only Minimum Variance,equity_min_variance,Equity-only,min_variance,Financials,0.012672133359420329
2023-08-02,Equity-Only Minimum Variance,equity_min_variance,Equity-only,min_variance,Healthcare,0.2629386579620364
2023-08-02,Equity-Only Minimum Variance,equity_min_variance,Equity-only,min_variance,Industrials,6.192162359947884e-17
2023-08-02,Equity-Only Minimum Variance,equity_min_variance,Equity-only,min_variance,Materials,1.5484186471820506e-17
2023-08-02,Equity-Only Minimum Variance,equity_min_variance,Equity-only,min_variance,RealEstate,0.12231548870256284
2023-08-02,Equity-Only Minimum Variance,equity_min_variance,Equity-only,min_variance,Tech,9.660185823592614e-17
2023-08-02,Equity-Only Minimum Variance,equity_min_variance,Equity-only,min_variance,Utilities,1.9093454137451936e-17
2023-09-05,Equity-Only Minimum Variance,equity_min_variance,Equity-only,min_variance,Comm,0.16146033402478893
2023-09-05,Equity-Only Minimum Variance,equity_min_variance,Equity-only,min_variance,Consumer,0.4372442475161992
2023-09-05,Equity-Only Minimum Variance,equity_min_variance,Equity-only,min_variance,Energy,0.03273054706220492
2023-09-05,Equity-Only Minimum Variance,equity_min_variance,Equity-only,min_variance,Financials,0.018262703914348546
2023-09-05,Equity-Only Minimum Variance,equity_min_variance,Equity-only,min_variance,Healthcare,0.2564746562311485
2023-09-05,Equity-Only Minimum Variance,equity_min_variance,Equity-only,min_variance,Industrials,5.939372984680333e-17
2023-09-05,Equity-Only Minimum Variance,equity_min_variance,Equity-only,min_variance,Materials,8.949656179962189e-17
2023-09-05,Equity-Only Minimum Variance,equity_min_variance,Equity-only,min_variance,RealEstate,0.09382751125130893
2023-09-05,Equity-Only Minimum Variance,equity_min_variance,Equity-only,min_variance,Tech,8.614655973250484e-17
2023-09-05,Equity-Only Minimum Variance,equity_min_variance,Equity-only,min_variance,Utilities,6.236725732197329e-18
2023-10-03,Equity-Only Minimum Variance,equity_min_variance,Equity-only,min_variance,Comm,0.18388333852322133
2023-10-03,Equity-Only Minimum Variance,equity_min_variance,Equity-only,min_variance,Consumer,0.44553790153228845
2023-10-03,Equity-Only Minimum Variance,equity_min_variance,Equity-only,min_variance,Energy,0.04619214050845262
2023-10-03,Equity-Only Minimum Variance,equity_min_variance,Equity-only,min_variance,Financials,0.02911065779111227
2023-10-03,Equity-Only Minimum Variance,equity_min_variance,Equity-only,min_variance,Healthcare,0.22476204461760194
2023-10-03,Equity-Only Minimum Variance,equity_min_variance,Equity-only,min_variance,Industrials,0.007334638228138553
2023-10-03,Equity-Only Minimum Variance,equity_min_variance,Equity-only,min_variance,Materials,1.6305450441917807e-16
2023-10-03,Equity-Only Minimum Variance,equity_min_variance,Equity-only,min_variance,RealEstate,0.06317927879918417
2023-10-03,Equity-Only Minimum Variance,equity_min_variance,Equity-only,min_variance,Tech,0.0
2023-10-03,Equity-Only Minimum Variance,equity_min_variance,Equity-only,min_variance,Utilities,9.237663154695782e-18
2023-11-02,Equity-Only Minimum Variance,equity_min_variance,Equity-only,min_variance,Comm,0.1704996285249796
2023-11-02,Equity-Only Minimum Variance,equity_min_variance,Equity-only,min_variance,Consumer,0.37536182116633654
2023-11-02,Equity-Only Minimum Variance,equity_min_variance,Equity-only,min_variance,Energy,0.04689582775271072
2023-11-02,Equity-Only Minimum Variance,equity_min_variance,Equity-only,min_variance,Financials,0.044977659794244965
2023-11-02,Equity-Only Minimum Variance,equity_min_variance,Equity-only,min_variance,Healthcare,0.2307987486962375
2023-11-02,Equity-Only Minimum Variance,equity_min_variance,Equity-only,min_variance,Industrials,0.007846894184078803
2023-11-02,Equity-Only Minimum Variance,equity_min_variance,Equity-only,min_variance,Materials,0.019015248125328142
2023-11-02,Equity-Only Minimum Variance,equity_min_variance,Equity-only,min_variance,RealEstate,0.10051590518194974
2023-11-02,Equity-Only Minimum Variance,equity_min_variance,Equity-only,min_variance,Tech,0.004088266574133549
2023-11-02,Equity-Only Minimum Variance,equity_min_variance,Equity-only,min_variance,Utilities,2.6753783996148758e-17
2023-12-04,Equity-Only Minimum Variance,equity_min_variance,Equity-only,min_variance,Comm,0.1427906026296235
2023-12-04,Equity-Only Minimum Variance,equity_min_variance,Equity-only,min_variance,Consumer,0.3664033178961684
2023-12-04,Equity-Only Minimum Variance,equity_min_variance,Equity-only,min_variance,Energy,0.052923985866645123
2023-12-04,Equity-Only Minimum Variance,equity_min_variance,Equity-only,min_variance,Financials,0.0775626873283668
2023-12-04,Equity-Only Minimum Variance,equity_min_variance,Equity-only,min_variance,Healthcare,0.2210808928699614
2023-12-04,Equity-Only Minimum Variance,equity_min_variance,Equity-only,min_variance,Industrials,0.011723656235588131
2023-12-04,Equity-Only Minimum Variance,equity_min_variance,Equity-only,min_variance,Materials,0.01900762977010893
2023-12-04,Equity-Only Minimum Variance,equity_min_variance,Equity-only,min_variance,RealEstate,0.08456855292799093
2023-12-04,Equity-Only Minimum Variance,equity_min_variance,Equity-only,min_variance,Tech,0.023938674475545808
2023-12-04,Equity-Only Minimum Variance,equity_min_variance,Equity-only,min_variance,Utilities,1.3471731063663552e-16
